State_A,State_B,Driving_Distance_m,Driving_Time_s,Flight_Distance_m,Flight_Time_s
Alabama,Alaska,6335707.2,303528.3,4592966.683527447,19452.56477729272
Alabama,Arizona,2759313.5,107706.9,2390942.335962995,10126.344011137391
Alabama,Arkansas,740092.7,30516.1,602173.9127017825,2550.3836302663735
Alabama,California,3901418.2,153991.1,3233605.164722401,13695.268932941935
Alabama,Colorado,2281912.7,89166.5,1837735.1917954313,7783.34904760418
Alabama,Connecticut,1868730.2,79424.0,1597391.8365899331,6765.4242490867755
Alabama,Delaware,1436012.8,62002.8,1235436.8053164473,5232.438234281424
Alabama,Florida,334319.2,15653.9,292196.7345743841,1237.539111138568
Alabama,Georgia,259286.0,10732.8,231578.71482492922,980.8039686702886
Alabama,Hawaii,,,7079455.468279812,29983.57610094979
Alabama,Idaho,3581016.6,136854.4,2876453.9563904917,12182.62852118326
Alabama,Illinois,1029235.0,43425.1,881194.339707765,3732.1172034681817
Alabama,Indiana,911961.8,37694.9,815574.3648397931,3454.1973099097117
Alabama,Iowa,1464747.0,63172.9,1205490.1071753048,5105.60515980129
Alabama,Kansas,1337602.5,57653.7,1117309.6215980693,4732.134867944764
Alabama,Kentucky,785261.9,32360.3,658354.1569455274,2788.3234882398806
Alabama,Louisiana,591585.1,24092.5,498120.4040049353,2109.686416962079
Alabama,Maine,2277456.7,97212.8,1954998.8839408932,8279.995273161428
Alabama,Maryland,1335854.8,56821.5,1145722.0297449257,4852.469773037333
Alabama,Massachusetts,2026556.4,86599.0,1748522.1673898178,7405.50565012158
Alabama,Michigan,1309914.4,53961.2,1166455.9746411287,4940.284127891839
Alabama,Minnesota,1827714.5,75988.4,1510518.5702936465,6397.490415361326
Alabama,Mississippi,399842.8,17149.4,348600.82059563283,1476.4270048756214
Alabama,Missouri,,,866397.147930743,3669.446744177265
Alabama,Montana,3272115.1,132663.5,2687899.8466828596,11384.046409480346
Alabama,Nebraska,1559181.5,67336.9,1319879.021306977,5590.075854947197
Alabama,Nevada,3751620.7,150831.4,3105301.406381045,13151.86477996678
Alabama,New Hampshire,2102515.0,90272.4,1770704.6105661853,7499.45482122149
Alabama,New Jersey,1614856.9,66791.9,1354869.8047472765,5738.27211422376
Alabama,New Mexico,2131114.6,83805.5,1850069.255228452,7835.587433908738
Alabama,New York,1878497.5,78678.7,1594876.242481052,6754.769968155044
Alabama,North Carolina,910640.6,38768.8,798106.0500195422,3380.213858906296
Alabama,North Dakota,2516053.1,101692.5,2012829.4312336883,8524.924649930914
Alabama,Ohio,1061450.7,44533.5,902114.5514205135,3820.720453075116
Alabama,Oklahoma,1271953.5,50575.6,1088970.7934952714,4612.111595979973
Alabama,Oregon,4340906.3,168237.3,3436338.83128231,14553.905638372136
Alabama,Pennsylvania,1419846.1,58508.7,1217486.2589139848,5156.412390694523
Alabama,Rhode Island,1973800.9,84105.4,1680905.4480961573,7119.1289566425485
Alabama,South Carolina,591430.1,24423.0,530007.5694124819,2244.7379410411
Alabama,South Dakota,2183854.3,90149.7,1798397.4211333513,7616.742018917724
Alabama,Tennessee,450965.9,18645.2,425185.41083133646,1800.7852694033072
Alabama,Texas,1279491.3,52299.7,1100774.0464633743,4662.10184384488
Alabama,Utah,3104896.7,120001.6,2459035.457415604,10414.738407877852
Alabama,Vermont,2154311.6,92458.4,1778002.6487840298,7530.364159555891
Alabama,Virginia,1112927.4,46900.6,1001343.4533220568,4240.984037599299
Alabama,Washington,4437201.8,171711.1,3479721.3026442863,14737.643164140507
Alabama,West Virginia,1047567.1,43172.1,793993.6108133702,3362.796469327215
Alabama,Wisconsin,1418894.1,59873.0,1224087.9486765508,5184.37248851245
Alabama,Wyoming,2270300.1,94079.6,1904911.8138406435,8067.861799795666
Alaska,Arizona,5274949.1,255217.9,3240959.6044103284,13726.417148090804
Alaska,Arkansas,5772135.1,276751.8,4060796.01801457,17198.66548806171
Alaska,California,4268300.6,226511.0,2398406.232009418,10157.955806157534
Alaska,Colorado,4542042.6,226396.4,2959847.69348319,12535.825525340571
Alaska,Connecticut,6603034.2,315771.8,4595194.098774195,19461.998535984825
Alaska,Delaware,6421185.5,309018.4,4641153.462079981,19656.649957044625
Alaska,Florida,6671247.5,319185.5,4884070.56298122,20685.47532556752
Alaska,Georgia,6284665.7,302098.2,4572503.465979874,19365.897032385346
Alaska,Hawaii,,,4524487.607078114,19162.535747624956
Alaska,Idaho,3838367.6,206718.1,2073024.247274279,8779.867400220475
Alaska,Illinois,5354812.1,262920.9,3760680.816992009,15927.589342554393
Alaska,Indiana,5466305.9,268368.2,3964537.9803432054,16790.984387335928
Alaska,Iowa,4964010.0,244645.4,3395952.339314208,14382.856966507234
Alaska,Kansas,5064711.3,249323.4,3494454.9405845194,14800.04445424032
Alaska,Kentucky,5733048.6,279402.3,4171929.1802948574,17669.347116542926
Alaska,Louisiana,6325078.1,301989.5,4500530.510093875,19061.070395691706
Alaska,Maine,6530766.3,333712.8,4558730.337697184,19307.563783188074
Alaska,Maryland,6331862.1,304135.1,4592160.934938296,19449.152195032784
Alaska,Massachusetts,6765174.4,323123.3,4641089.842979243,19656.3805114415
Alaska,Michigan,5517092.4,270444.2,3817650.89474012,16168.874377722861
Alaska,Minnesota,4524603.5,229253.9,3161487.787171796,13389.830628021724
Alaska,Mississippi,6195269.7,295456.2,4395367.526486443,18615.674229824937
Alaska,Missouri,5349056.7,260267.1,3726664.506817696,15783.520264169067
Alaska,Montana,3440362.3,183179.1,1994608.074772249,8447.75184609423
Alaska,Nebraska,4850413.5,241159.7,3280374.58926925,13893.351201610942
Alaska,Nevada,4265254.6,229004.7,2402855.7793486253,10176.800947829472
Alaska,New Hampshire,6713727.2,325122.0,4546646.118482284,19256.38356063085
Alaska,New Jersey,6421469.0,307168.8,4585918.3188756835,19422.71287994407
Alaska,New Mexico,5168946.1,250649.6,3276528.84542012,13877.063345308743
Alaska,New York,6481393.2,311843.4,4448577.151170974,18841.032640253536
Alaska,North Carolina,6452901.1,310894.7,4719565.126095096,19988.74641640276
Alaska,North Dakota,3883409.8,203165.9,2585147.7736237566,10948.861158877087
Alaska,Ohio,5746234.8,279848.7,4138020.6377813746,17525.73446589759
Alaska,Oklahoma,5400547.9,266251.0,3715020.7985446844,15734.20573501278
Alaska,Oregon,3410280.1,190209.2,1689656.5675727369,7156.192521484532
Alaska,Pennsylvania,6226701.9,299422.0,4471842.188509801,18939.566916041513
Alaska,Rhode Island,6723503.1,321472.7,4666958.887223503,19765.943522358364
Alaska,South Carolina,6430202.0,309774.0,4756564.880931224,20145.451260414593
Alaska,South Dakota,4215055.3,217149.1,2795887.503115235,11841.405895546877
Alaska,Tennessee,5889631.0,285655.3,4229247.781852047,17912.10825254985
Alaska,Texas,6018555.9,285875.1,4196852.401743937,17774.904289739028
Alaska,Utah,4213810.3,210955.5,2518662.332779011,10667.275762358164
Alaska,Vermont,6337795.6,321106.0,4408081.644486155,18669.52225900019
Alaska,Virginia,6404918.0,308812.5,4667493.962423599,19768.209723205833
Alaska,Washington,3155660.0,179042.9,1486146.9665501027,6294.26950538867
Alaska,West Virginia,5952847.8,289126.7,4347012.428494467,18410.876167741273
Alaska,Wisconsin,4941866.8,246653.6,3514227.0809962894,14883.785284219579
Alaska,Wyoming,4381765.3,219981.2,2826819.9410259104,11972.413867874444
Arizona,Arkansas,2085677.4,82347.1,1825099.9316766516,7729.835004748171
Arizona,California,1213865.2,49259.7,1022240.0220512839,4329.4871522172025
Arizona,Colorado,1320709.9,55870.7,951178.029682553,4028.518713949636
Arizona,Connecticut,4075768.8,166253.6,3555783.155984119,15059.787484168035
Arizona,Delaware,3780109.1,155493.7,3313419.356934069,14033.305511720764
Arizona,Florida,3031683.8,117816.4,2624826.304120934,11116.911405688663
Arizona,Georgia,2973589.0,115521.1,2538577.2423267937,10751.62126161936
Arizona,Hawaii,,,4688535.041936183,19857.324883494424
Arizona,Idaho,1608787.7,64144.3,1184088.3033342033,5014.962225886038
Arizona,Illinois,2494964.0,100236.6,2109481.3053904455,8934.273764006593
Arizona,Indiana,2728908.7,109767.8,2390867.3735166993,10126.02652312955
Arizona,Iowa,2251779.8,92928.7,1847156.845770916,7823.252523265055
Arizona,Kansas,1846684.7,76678.2,1594586.2242364117,6753.541655589508
Arizona,Kentucky,2842247.0,114378.7,2491322.3540784526,10551.482911391093
Arizona,Louisiana,2321769.2,88927.9,1990427.305109692,8430.045056935165
Arizona,Maine,4488809.3,184218.9,3802100.1702696597,16103.012485847972
Arizona,Maryland,3690785.8,150610.4,3218322.3426905456,13630.541686689368
Arizona,Massachusetts,4237908.9,173605.1,3693780.524920636,15644.246929075634
Arizona,Michigan,3119337.7,125811.8,2599734.4229067396,11010.639908781486
Arizona,Minnesota,2650338.8,108997.6,2065617.235347299,8748.496526176796
Arizona,Mississippi,2365041.1,90947.2,2048632.9043154928,8676.562888865616
Arizona,Missouri,2211735.5,88642.6,1871269.9302866429,7925.3785282728395
Arizona,Montana,1840448.6,72605.8,1464719.3152438337,6203.517099856237
Arizona,Nebraska,1974701.1,82452.7,1580204.7832817412,6692.632023310904
Arizona,Nevada,1186966.0,51528.5,938521.7145865142,3974.9154970722952
Arizona,New Hampshire,4222144.7,176547.0,3657529.4820643174,15490.713100507697
Arizona,New Jersey,3797732.3,154611.7,3369882.756280705,14272.444614835927
Arizona,New Mexico,770554.6,32408.5,594277.6769068214,2516.9407492524197
Arizona,New York,3989810.6,163268.4,3467415.3504791614,14685.523837323508
Arizona,North Carolina,3511004.1,141125.5,3036491.897524744,12860.436271869503
Arizona,North Dakota,2462177.6,101999.5,1761719.0416944472,7461.398294235306
Arizona,Ohio,3011432.3,121370.5,2682841.014644321,11362.62076790536
Arizona,Oklahoma,1544477.8,61679.1,1338566.3138391294,5669.222035083371
Arizona,Oregon,2073759.5,85978.4,1586110.0651354445,6717.6426288089415
Arizona,Pennsylvania,3602965.1,146864.9,3196797.343251517,13539.376983182896
Arizona,Rhode Island,4196237.7,171954.5,3657711.6240788694,15491.484525510505
Arizona,South Carolina,3314414.3,129527.4,2858859.5753089003,12108.111142484755
Arizona,South Dakota,2159567.7,89423.2,1581397.5213299466,6697.683619750362
Arizona,Tennessee,2635110.8,104527.2,2307619.6082084794,9773.447752412383
Arizona,Texas,1619544.5,61714.6,1400907.9823908275,5933.257337184682
Arizona,Utah,1065549.0,44606.7,817745.1972278602,3463.39142355329
Arizona,Vermont,4206794.8,174972.4,3581612.547522191,15169.182554211635
Arizona,Virginia,3621657.9,144827.4,3156137.5711292145,13367.170889488436
Arizona,Washington,2325933.5,96714.1,1762681.6928980835,7465.475405215412
Arizona,West Virginia,3152140.1,126801.8,2781077.0796266887,11778.679396065976
Arizona,Wisconsin,2703207.9,112898.9,2243757.013610952,9502.970881175797
Arizona,Wyoming,1476620.7,61833.8,1068141.841273249,4523.89485715729
Arkansas,California,3172595.6,124464.2,2634356.3302469254,11157.273869281094
Arkansas,Colorado,1553090.0,59639.6,1237920.721206961,5242.958348641247
Arkansas,Connecticut,2167003.0,91645.4,1873218.5896964301,7933.63167400841
Arkansas,Delaware,1781867.9,74622.4,1565114.1446229112,6628.718730167624
Arkansas,Florida,1075243.3,46063.4,880805.8933422761,3730.4720188614046
Arkansas,Georgia,832696.2,34425.3,715614.4314050437,3030.837591833126
Arkansas,Hawaii,,,6507188.7929961225,27559.85841739534
Arkansas,Idaho,2852194.0,107327.5,2279805.717186653,9655.647743378766
Arkansas,Illinois,714072.1,30286.6,611642.6696117265,2590.486600708489
Arkansas,Indiana,923956.5,38136.6,763364.444960524,3233.0729433622196
Arkansas,Iowa,987815.8,39521.5,766997.258017408,3248.4589751325516
Arkansas,Kansas,773764.4,30728.0,569207.5787722719,2410.761510094328
Arkansas,Kentucky,892456.0,36714.8,758569.6621819782,3212.765628064849
Arkansas,Louisiana,556113.2,25687.6,477316.20338428026,2021.5745084510693
Arkansas,Maine,2575729.5,109434.2,2189039.5853807395,9271.226479259603
Arkansas,Maryland,1681709.9,69441.1,1467683.2660421254,6216.070303237238
Arkansas,Massachusetts,2324829.1,98820.4,2023884.4030393218,8571.74570699007
Arkansas,Michigan,1327982.7,54530.3,1112328.8154097619,4711.039688794285
Arkansas,Minnesota,,,1136980.2580620188,4815.445798850903
Arkansas,Mississippi,426304.8,19154.3,334594.06968603097,1417.1042951408372
Arkansas,Missouri,550568.2,25713.5,429456.33295313315,1818.8738807426816
Arkansas,Montana,2708277.0,105737.8,2116033.1242055492,8962.02264369409
Arkansas,Nebraska,,,788470.2443863299,3339.4033879891617
Arkansas,Nevada,3022798.1,121304.5,2505147.490810077,10610.036431666209
Arkansas,New Hampshire,2400787.8,102493.8,2016451.752949229,8540.26624778497
Arkansas,New Jersey,1913129.7,79013.3,1651514.832095494,6994.651053580917
Arkansas,New Mexico,1402292.0,54278.6,1263003.5890919927,5349.1916714484405
Arkansas,New York,2148804.6,90853.4,1824083.0968215752,7725.528410067847
Arkansas,North Carolina,1436471.4,59745.7,1225026.9728273095,5188.349531974487
Arkansas,North Dakota,1952215.0,74766.8,1517261.0252656578,6426.046695242786
Arkansas,Ohio,1168644.8,48888.0,1010739.5005982429,4280.779061357264
Arkansas,Oklahoma,543130.8,21048.7,494814.965819811,2095.6869140603762
Arkansas,Oregon,3612083.7,138710.4,2840065.4624272864,12028.51254675086
Arkansas,Pennsylvania,1718118.8,70730.1,1484855.2834287316,6288.798847462863
Arkansas,Rhode Island,2272073.7,96326.8,1970442.3221522998,8345.402776174447
Arkansas,South Carolina,1173521.4,48431.6,1033774.426896078,4378.338749206919
Arkansas,South Dakota,1620016.2,63224.0,1275185.0315686238,5400.783663114172
Arkansas,Tennessee,560578.1,23147.4,509650.00137210754,2158.5176528701027
Arkansas,Texas,826506.9,32159.1,717598.2177059015,3039.2395102838177
Arkansas,Utah,2376074.0,90474.7,1857519.9868918583,7867.14347389493
Arkansas,Vermont,2365788.7,102557.4,1981789.2530922687,8393.460366037843
Arkansas,Virginia,1547125.3,63447.6,1372304.7031290347,5812.114036781795
Arkansas,Washington,3708379.1,142184.2,2891326.799579376,12245.619386453827
Arkansas,West Virginia,1182538.4,48557.3,1031614.7443747764,4369.191858528465
Arkansas,Wisconsin,1142523.7,47954.9,967791.2570594352,4098.880618134079
Arkansas,Wyoming,1699546.8,64735.6,1312858.477849297,5560.3417885382
California,Colorado,1880438.8,71541.8,1448395.0338976984,6134.378967096134
California,Connecticut,4709990.2,185335.6,4112531.166433538,17417.77905783616
California,Delaware,4528141.5,178582.2,3944305.2716410784,16705.292915185742
California,Florida,4121865.5,166507.1,3497441.054101583,14812.691523253765
California,Georgia,3980885.6,157687.6,3338471.687408553,14139.409499612695
California,Hawaii,,,3961096.816435315,16776.41004607898
California,Idaho,890094.4,36450.3,714457.156128086,3025.936190660129
California,Illinois,3161271.7,121747.5,2731881.1321022254,11570.320088903543
California,Indiana,3492860.8,135404.6,3020130.7813591557,12791.142132815248
California,Iowa,2760095.0,104315.1,2382940.6865062593,10092.454672261803
California,Kansas,2734393.0,103247.6,2235464.0434497762,9467.847713434347
California,Kentucky,3683083.2,143198.4,3169562.9555965783,13424.031341350214
California,Louisiana,3535815.4,137972.2,2902690.1251510903,12293.746412404618
California,Maine,5123030.7,203300.9,4286753.476488572,18155.661782775125
California,Maryland,4438818.1,173698.9,3856867.5796794114,16334.96857275986
California,Massachusetts,4872130.4,192687.1,4231367.670023327,17921.086602451735
California,Michigan,3622075.0,139741.6,3124265.6388627514,13232.183882242241
California,Minnesota,3041698.0,118318.0,2450983.6239294433,10380.636524877642
California,Mississippi,3434962.0,137331.4,2914196.431452213,12342.479003797607
California,Missouri,3034653.1,115661.8,2540150.9975670516,10758.286577931041
California,Montana,1631887.6,62419.5,1188514.1135060564,5033.706833672709
California,Nebraska,2460049.4,92347.7,2125366.7933731987,9001.5534778159
California,Nevada,210439.8,10906.4,136731.36136454952,579.097530485151
California,New Hampshire,4820683.2,194685.8,4173740.244646843,17677.017506739572
California,New Jersey,4528425.0,176732.6,3969226.885535344,16810.8432799144
California,New Mexico,1844211.3,74291.0,1402336.5418611623,5939.3077067060985
California,New York,4588349.2,181407.2,3998380.0109378872,16934.315340442816
California,North Carolina,4453589.5,177216.9,3760122.2222703914,15925.223529615776
California,North Dakota,2407308.0,94219.7,1921247.333485565,8137.04753005651
California,Ohio,3772368.3,147012.8,3301684.8941779933,13983.606610636207
California,Oklahoma,2618134.6,103561.6,2144960.1295303702,9084.53701918745
California,Oregon,862420.4,36971.4,722235.3874331622,3058.879287952216
California,Pennsylvania,4333657.9,168985.8,3801636.6841367586,16101.049485755682
California,Rhode Island,4830459.1,191036.5,4212386.136740645,17840.694226195672
California,South Carolina,4321710.8,171693.9,3637415.8049988453,15405.525762348052
California,South Dakota,2364736.7,92084.9,1877619.0207275127,7952.268793669466
California,Tennessee,3673934.4,142412.3,3052038.577141903,12926.281032601
California,Texas,2833590.8,110758.9,2365549.8423322868,10018.799332230863
California,Utah,1046355.8,39616.3,852507.478120061,3610.6199073320236
California,Vermont,4801443.6,191365.5,4071461.157703973,17243.83549145212
California,Virginia,4501900.0,176732.2,3834005.029460505,16238.138948303316
California,Washington,1114594.5,47707.1,947343.6544887131,4012.2790072463144
California,West Virginia,3992976.2,155621.5,3447054.806121174,14599.29094357203
California,Wisconsin,3211813.7,124345.9,2736576.503715577,11590.206368677736
California,Wyoming,1751695.3,65715.6,1451934.6709154772,6149.370370936139
Colorado,Connecticut,3030960.3,122972.1,2699226.287379414,11432.017217136341
Colorado,Delaware,2800435.5,115719.3,2505388.101779091,10611.055489887916
Colorado,Florida,2619107.6,104598.3,2118678.960397454,8973.228538153922
Colorado,Georgia,2258622.7,90796.5,1914016.823283061,8106.424192728258
Colorado,Hawaii,,,5399350.015993929,22867.83536185664
Colorado,Idaho,1315179.8,49260.0,1044432.9074211261,4423.480549077711
Colorado,Illinois,1470518.5,58377.7,1286847.6459395583,5450.178265155777
Colorado,Indiana,1749235.0,69993.4,1576091.984180424,6675.213109470031
Colorado,Iowa,1081065.1,41951.6,957142.9647719294,4053.781968445819
Colorado,Kansas,872326.9,33185.4,787416.7455950064,3334.9415107553214
Colorado,Kentucky,1872736.8,75139.7,1721250.3371325787,7290.001427855628
Colorado,Louisiana,1963516.6,79491.7,1599849.9269460067,6775.834984712499
Colorado,Maine,3444000.8,140937.4,2910477.154661405,12326.726772683596
Colorado,Maryland,2711112.1,110836.0,2415822.0967796855,10231.717115772786
Colorado,Massachusetts,3193100.5,130323.6,2827365.2115507424,11974.72324892079
Colorado,Michigan,1943045.1,77378.1,1716009.7446301163,7267.805977256963
Colorado,Minnesota,1479914.7,58081.1,1122046.7099945077,4752.197830564974
Colorado,Mississippi,1927747.4,78091.8,1551944.6175051893,6572.941909433742
Colorado,Missouri,1224306.7,47603.1,1092293.0885220005,4626.182492563767
Colorado,Montana,1275103.7,48446.4,965333.9334696381,4088.4731299890555
Colorado,Nebraska,781019.5,29984.2,689742.8979796359,2921.264038501987
Colorado,Nevada,1695532.1,64339.9,1313144.6342867063,5561.553745214286
Colorado,New Hampshire,3141653.3,132322.3,2779696.3161560553,11772.831456660939
Colorado,New Jersey,2849395.1,114369.1,2539187.231134347,10754.204743627824
Colorado,New Mexico,627469.6,24670.7,469170.85067304724,1987.0765440270236
Colorado,New York,2909319.3,119043.7,2595776.55268204,10993.877164300404
Colorado,North Carolina,2643243.1,109158.2,2312416.6269633863,9793.764537727284
Colorado,North Dakota,1148089.5,46833.8,850299.7622476044,3601.269581283972
Colorado,Ohio,2031758.7,81596.1,1861740.8044334394,7885.019877600451
Colorado,Oklahoma,1092440.3,41819.5,791395.6541959296,3351.793358947467
Colorado,Oregon,2075069.5,80642.9,1604348.9478196965,6794.889661354009
Colorado,Pennsylvania,2654628.0,106622.3,2368840.2601589244,10032.73521949662
Colorado,Rhode Island,3151429.2,128673.0,2800642.6254822416,11861.545237336553
Colorado,South Carolina,2570837.2,104215.4,2200662.870564762,9320.454510627227
Colorado,South Dakota,845550.5,34337.5,637688.1033624171,2700.7966730643548
Colorado,Tennessee,1863588.0,74353.6,1611763.5375945878,6826.292629812372
Colorado,Texas,1477079.4,59896.2,1237615.4867301022,5241.665590856904
Colorado,Utah,839059.8,32407.2,624894.2055392722,2646.610752872212
Colorado,Vermont,3122413.8,129002.0,2690667.6077113487,11395.768691483361
Colorado,Virginia,2691553.6,108673.5,2386908.72785772,10109.260494456226
Colorado,Washington,2171364.9,84116.7,1670026.3348457706,7073.05271228797
Colorado,West Virginia,2182629.8,87562.8,2000084.3111439813,8470.945317786274
Colorado,Wisconsin,1532783.8,61982.4,1338695.9616789124,5669.77113181657
Colorado,Wyoming,162532.6,6668.1,161757.6351351758,685.0911605725092
Connecticut,Delaware,447993.3,21160.9,375287.28182300454,1589.4520171327251
Connecticut,Florida,1947729.7,83497.6,1638728.30739355,6940.496360725624
Connecticut,Georgia,1573483.4,69640.7,1365963.458060971,5785.256998846465
Connecticut,Hawaii,,,8070993.2686775075,34183.03031439886
Connecticut,Idaho,4141384.9,162687.7,3528396.5517153717,14943.797160206279
Connecticut,Illinois,1676759.9,70776.3,1446484.15758931,6126.285843907667
Connecticut,Indiana,1346097.3,56863.0,1170212.0713570593,4956.192302218134
Connecticut,Iowa,1949772.8,81182.0,1742155.6954745464,7378.541769068667
Connecticut,Kansas,2222669.8,93340.8,1961749.6334308104,8308.586682765785
Connecticut,Kentucky,1364935.9,58023.5,1115537.6109063418,4724.629881485684
Connecticut,Louisiana,2376087.3,99772.7,2069031.2357187176,8762.95582186751
Connecticut,Maine,412835.5,18054.4,369133.26860957645,1563.3879611699708
Connecticut,Maryland,530363.5,24736.6,454694.3560010626,1925.764331298618
Connecticut,Massachusetts,161935.2,7440.6,152641.1728760925,646.4802615928623
Connecticut,Michigan,1157549.6,50086.5,988442.4915455274,4186.344670075175
Connecticut,Minnesota,2086922.9,87229.0,1683804.730616773,7131.408270847509
Connecticut,Mississippi,2113620.8,89132.2,1862923.5005129534,7890.028943348979
Connecticut,Missouri,1936732.6,81637.2,1690171.9516799652,7158.375324762206
Connecticut,Montana,3801227.9,153284.0,3149757.3026892953,13340.148576095839
Connecticut,Nebraska,2253226.6,93328.3,2010064.3049217707,8513.213526727499
Connecticut,Nevada,4521737.2,177767.6,3975924.621881174,16839.210163261443
Connecticut,New Hampshire,237893.8,11114.0,188211.41660627615,797.1307056265813
Connecticut,New Jersey,280790.2,14001.1,243565.70105149085,1031.5723809239612
Connecticut,New Mexico,3398322.2,137975.0,2961593.117414786,12543.217909050858
Connecticut,New York,179986.9,8224.9,147137.55125299207,623.1708053067899
Connecticut,North Carolina,967837.1,44790.3,840538.5021066333,3559.9277736280937
Connecticut,North Dakota,2784857.2,114194.3,2293291.6772284103,9712.764750614444
Connecticut,Ohio,1066024.1,45169.7,882126.172080327,3736.0637876343253
Connecticut,Oklahoma,2537722.9,104852.9,2271675.2631940604,9621.212879410137
Connecticut,Oregon,4901274.5,194070.6,4022879.8354172707,17038.079302943734
Connecticut,Pennsylvania,459124.7,21551.0,391083.3507740665,1656.3530150431052
Connecticut,Rhode Island,117958.3,5918.1,101979.45026191241,431.91296581515843
Connecticut,South Carolina,1323853.9,58250.9,1131361.173308575,4791.647322248083
Connecticut,South Dakota,2712967.1,110770.2,2253608.992608688,9544.69690987209
Connecticut,Tennessee,1609085.3,68628.5,1374858.7449312815,5822.931155003075
Connecticut,Texas,2990840.0,123105.3,2577845.9270480676,10917.93569102711
Connecticut,Utah,3665264.9,145834.9,3260099.347867062,13807.47959096638
Connecticut,Vermont,320581.0,14069.2,274387.57352380693,1162.1120761008292
Connecticut,Virginia,720108.6,33576.1,617370.7740521886,2614.746807750446
Connecticut,Washington,4800220.4,192694.8,3968307.1997048315,16806.948139926346
Connecticut,West Virginia,1040543.7,45380.2,847550.3606486864,3589.625056865025
Connecticut,Wisconsin,1678102.5,71113.6,1376008.1180463943,5827.799088196493
Connecticut,Wyoming,2960190.0,119760.6,2665806.0780042796,11290.472800959302
Delaware,Florida,1551563.7,65323.2,1264145.2816041023,5354.027075029139
Delaware,Georgia,1177317.4,51466.3,1004061.0811898746,4252.493990921821
Delaware,Hawaii,,,7903426.278610671,33473.334827056955
Delaware,Idaho,3960503.0,156030.1,3403205.3576344782,14413.575632334261
Delaware,Illinois,1383642.7,60305.8,1220920.4910573838,5170.957373890096
Delaware,Indiana,1052980.1,46392.5,931832.4366515095,3946.5844375828638
Delaware,Iowa,1768890.9,74524.4,1562436.350277615,6617.377483528722
Delaware,Kansas,1929552.6,82870.3,1735798.2487956504,7351.616112546283
Delaware,Kentucky,1027055.5,43594.4,825944.8147895966,3498.1192155794683
Delaware,Louisiana,1988695.6,83017.1,1717324.30457081,7273.373525241077
Delaware,Maine,856335.2,38922.9,744254.6667318166,3152.1374120406354
Delaware,Maryland,106354.1,5621.1,97448.32312473122,412.72230970474396
Delaware,Massachusetts,605434.8,28309.1,520040.2048416851,2202.52322050596
Delaware,Michigan,1075422.1,45987.0,866157.5839678341,3668.4321203343566
Delaware,Minnesota,1906041.1,80571.4,1585738.5857420238,6716.0693043191595
Delaware,Mississippi,1726229.1,72376.6,1518526.1740330383,6431.404972375221
Delaware,Missouri,1643615.4,71166.7,1444317.8506479023,6117.1108968617045
Delaware,Montana,3620346.1,146626.4,3059759.0383507204,12958.979456544226
Delaware,Nebraska,2072344.7,86670.7,1819562.1450294477,7706.380849536485
Delaware,Nevada,4340855.3,171110.0,3807729.7207082934,16126.855287705714
Delaware,New Hampshire,681393.5,31982.5,561295.1450966614,2377.2500262917424
Delaware,New Jersey,181437.6,8493.3,139240.63744542032,589.7250527100155
Delaware,New Mexico,3105205.0,127504.5,2720979.894233553,11524.150140283284
Delaware,New York,489342.9,21991.4,425959.401050615,1804.063345626134
Delaware,North Carolina,571671.1,26615.9,465324.0503938914,1970.784213432952
Delaware,North Dakota,2603975.4,107536.7,2213775.42848728,9375.990050063774
Delaware,Ohio,771245.6,34654.9,643650.0289944484,2726.047181623546
Delaware,Oklahoma,2244605.7,94382.4,1997117.3715009145,8458.37945576858
Delaware,Oregon,4720392.7,187413.0,3921973.820621654,16610.71265204465
Delaware,Pennsylvania,207632.8,10912.6,169366.51075507354,717.3169867273702
Delaware,Rhode Island,552679.4,25815.5,448274.0991330241,1898.5726551516316
Delaware,South Carolina,927687.9,40076.5,756651.4144582012,3204.641284764146
Delaware,South Dakota,2532085.2,104112.6,2130786.742402278,9024.508556056708
Delaware,Tennessee,1221693.6,51872.9,1056564.8518748411,4474.862902058151
Delaware,Texas,2603448.3,106349.7,2252532.9850345342,9540.139701322734
Delaware,Utah,3484383.1,139177.3,3094937.068016389,13107.968758657646
Delaware,Vermont,766837.4,35053.5,613488.5977867411,2598.304649449727
Delaware,Virginia,323942.7,15401.7,242423.9376579134,1026.736677139398
Delaware,Washington,4619338.6,186037.2,3889542.5793100945,16473.35680648981
Delaware,West Virginia,711692.2,30627.3,537843.2317392759,2277.924275601639
Delaware,Wisconsin,1497220.7,64456.0,1242483.8531484874,5262.284554511241
Delaware,Wyoming,2779308.2,113103.0,2492775.5368877277,10557.637567995082
Florida,Georgia,418844.3,19422.7,376473.3561624642,1594.4753908057307
Florida,Hawaii,,,7307829.132257707,30950.805736620878
Florida,Idaho,3915960.6,152329.1,3160313.8040493936,13384.858464209197
Florida,Illinois,1364178.9,58899.8,1156295.3320513638,4897.250818099894
Florida,Indiana,1246905.7,53169.6,1051343.1767302935,4452.747572034185
Florida,Iowa,1799690.9,78647.6,1493298.5393820119,6324.5585197355795
Florida,Kansas,1672546.4,73128.4,1408858.141121212,5966.928597689839
Florida,Kentucky,1028073.7,46239.1,867256.1532728147,3673.084884449568
Florida,Louisiana,714039.7,29206.5,651746.836583366,2760.3395431766094
Florida,Maine,2344390.0,101180.1,2006462.8108876569,8497.960140230076
Florida,Maryland,1443373.0,60128.8,1186185.2223767715,5023.8432947722085
Florida,Massachusetts,2093489.7,90566.3,1783887.011372389,7555.286165812471
Florida,Michigan,1644858.3,69435.9,1377001.0049272608,5832.004256162516
Florida,Minnesota,2162658.4,91463.1,1786541.7896521823,7566.529932644536
Florida,Mississippi,694705.8,29734.2,583780.0608517013,2472.4802577248524
Florida,Missouri,1391800.2,62090.3,1157449.1259455734,4902.137474593017
Florida,Montana,3607059.1,148138.2,2979057.5526374667,12617.184928817507
Florida,Nebraska,1894125.4,82811.6,1612075.0876523964,6827.612135939561
Florida,Nevada,3986094.3,163544.0,3371086.247753253,14277.54175519025
Florida,New Hampshire,2169448.3,94239.7,1822022.1357988145,7716.79963397145
Florida,New Jersey,1669492.5,70750.5,1396462.6145546064,5914.429896937157
Florida,New Mexico,2365588.2,96518.1,2103554.5089239064,8909.172037795368
Florida,New York,1977397.7,84248.6,1662447.525081908,7040.954223876316
Florida,North Carolina,978683.5,40800.5,799503.8997226823,3386.13416353136
Florida,North Dakota,2850997.1,117167.2,2302381.395584312,9751.26238129826
Florida,Ohio,1316271.5,57835.4,1075784.769196082,4556.264904830464
Florida,Oklahoma,1606897.4,66050.3,1354629.9654057685,5737.25632407149
Florida,Oregon,4675850.2,183712.0,3720520.971053348,15757.500583284767
Florida,Pennsylvania,1572463.2,66454.2,1285469.925293619,5444.343213008269
Florida,Rhode Island,2040734.2,88072.7,1710609.9862631038,7244.936412408439
Florida,South Carolina,609097.6,28680.5,507497.0907229254,2149.399443061802
Florida,South Dakota,2518798.2,105624.4,2090172.6770349864,8852.496043912884
Florida,Tennessee,785909.8,34119.9,685117.7526201542,2901.675187567712
Florida,Texas,1401945.9,57413.7,1278271.3124715285,5413.85497046765
Florida,Utah,3439840.6,135476.3,2736942.4282968366,11591.75616690425
Florida,Vermont,2254892.2,97310.7,1851581.3358977176,7841.991540272687
Florida,Virginia,1212827.7,50327.7,1021721.7591144583,4327.29215624947
Florida,Washington,4772145.7,187185.8,3767761.9573509125,15957.580054662687
Florida,West Virginia,1210146.5,53445.6,922201.2209373548,3905.793406322914
Florida,Wisconsin,1753838.0,75347.7,1484255.0350980838,6286.256619238943
Florida,Wyoming,2605244.1,109554.3,2191019.306285419,9279.611179561774
Georgia,Hawaii,,,7222721.113639031,30590.348246000598
Georgia,Idaho,3499273.1,136975.8,2937302.450582429,12440.339790702052
Georgia,Illinois,976643.0,41570.6,815452.6481675869,3453.6818040038975
Georgia,Indiana,809898.4,35137.4,678887.7924383532,2875.2894738565547
Georgia,Iowa,1454922.8,61966.3,1178108.369606492,4989.635447745143
Georgia,Kansas,1389387.8,57992.7,1153061.8957360617,4883.5562642939085
Georgia,Kentucky,609669.6,26924.5,490848.13074570533,2078.88620080534
Georgia,Louisiana,847527.4,34477.1,720589.685378137,3051.9092557191684
Georgia,Maine,1978026.0,87248.1,1724383.5153227318,7303.271359013923
Georgia,Maryland,1077009.0,46196.8,914147.8969179455,3871.6852104760037
Georgia,Massachusetts,1727125.6,76634.3,1516998.8348389417,6424.936241670812
Georgia,Michigan,1181658.5,51256.1,1000728.0937687143,4238.37780890279
Georgia,Minnesota,1775122.5,74133.9,1439460.239847693,6096.537486413758
Georgia,Mississippi,614218.3,25019.2,542757.2187286868,2298.736455792085
Georgia,Missouri,1103450.6,46289.1,868814.4174842914,3679.684591698175
Georgia,Montana,3319893.2,132632.6,2712925.220725036,11490.036228953095
Georgia,Nebraska,1606959.6,67306.0,1335629.2636401486,5656.782763652393
Georgia,Nevada,3879625.4,152055.7,3207284.7805332756,13583.794364611518
Georgia,New Hampshire,1803084.3,80307.7,1539923.1882354482,6522.027620761898
Georgia,New Jersey,1303128.4,56818.5,1123335.8435480383,4757.6576903211035
Georgia,New Mexico,,,1978291.889643107,8378.648003194336
Georgia,New York,,,1365455.5508003223,5783.1058622131295
Georgia,North Carolina,651794.8,28144.1,572900.5818929485,2426.402464487782
Georgia,North Dakota,2473056.8,101099.2,1987722.6122515171,8418.589887182896
Georgia,Ohio,897867.4,38520.8,706493.7132479621,2992.208667873722
Georgia,Oklahoma,1364360.6,54411.0,1209781.2129397395,5123.779254803602
Georgia,Oregon,4259162.7,168358.7,3494140.265733365,14798.711713694252
Georgia,Pennsylvania,1143590.4,48895.2,987345.7598094351,4181.699688604666
Georgia,Rhode Island,1674370.1,74140.7,1449327.7407549066,6138.329254961956
Georgia,South Carolina,341755.4,14194.0,326219.3525615059,1381.634904966378
Georgia,South Dakota,2231632.4,90118.8,1794816.9914392184,7601.5778460955125
Georgia,Tennessee,399934.1,16964.6,343269.8604562373,1453.8488207558285
Georgia,Texas,1482659.0,60766.5,1301402.0817481314,5511.820581521498
Georgia,Utah,3023153.1,120123.0,2538904.473942784,10753.007183757674
Georgia,Vermont,1878055.9,82844.9,1549703.1444317887,6563.4486117111055
Georgia,Virginia,854081.6,36275.9,771111.761861329,3265.8851090597464
Georgia,Washington,4355458.2,171832.5,3522070.1485933857,14917.002982277869
Georgia,West Virginia,799410.1,34586.3,574544.0099532579,2433.362865684386
Georgia,Wisconsin,1366302.1,58018.5,1121648.9029352653,4750.513000667006
Georgia,Wyoming,2318078.2,94048.7,1963381.7108173508,8315.499010520545
Hawaii,Idaho,,,4560542.890194272,19315.240476116916
Hawaii,Illinois,,,6686176.571796307,28317.92430407848
Hawaii,Indiana,,,6975440.133284055,29543.040564497172
Hawaii,Iowa,,,6343645.00034119,26867.202354386216
Hawaii,Kansas,,,6179635.31087542,26172.57308135472
Hawaii,Kentucky,,,7114806.645718034,30133.29873480579
Hawaii,Louisiana,,,6663348.938691596,28221.242563870284
Hawaii,Maine,,,8227278.132939267,34844.942680683955
Hawaii,Maryland,,,7814764.78353267,33097.827318491305
Hawaii,Massachusetts,,,8186261.850822253,34671.22666230601
Hawaii,Michigan,,,7083646.800749611,30001.327626704235
Hawaii,Minnesota,,,6396599.512373068,27091.4802876977
Hawaii,Mississippi,,,6736195.602435221,28529.769610313877
Hawaii,Missouri,,,6481455.646447626,27450.870973189947
Hawaii,Montana,,,4984492.266611836,21110.790776238362
Hawaii,Nebraska,,,6083899.7334755445,25767.10475354348
Hawaii,Nevada,,,4097826.279048717,17355.499534794566
Hawaii,New Hampshire,,,8124492.8764200425,34409.61688836724
Hawaii,New Jersey,,,7930298.303534734,33587.14575614711
Hawaii,New Mexico,,,5246255.550215976,22219.43527150296
Hawaii,New York,,,7953528.904439188,33685.53418350715
Hawaii,North Carolina,,,7693117.684686709,32582.616076320184
Hawaii,North Dakota,,,5821763.075426519,24656.878907688788
Hawaii,Ohio,,,7260013.917235468,30748.294237703154
Hawaii,Oklahoma,,,6014127.518886735,25471.598903520287
Hawaii,Oregon,,,4124689.3345594765,17469.272475781312
Hawaii,Pennsylvania,,,7762428.1096977005,32876.166111660845
Hawaii,Rhode Island,,,8170169.599952471,34603.07124685753
Hawaii,South Carolina,,,7538744.217517579,31928.79903889798
Hawaii,South Dakota,,,5822379.2740743905,24659.488690197417
Hawaii,Tennessee,,,6969593.968449682,29518.280336963355
Hawaii,Texas,,,6047260.545770116,25611.92701737932
Hawaii,Utah,,,4813151.281786282,20385.11131109484
Hawaii,Vermont,,,8016236.2287617475,33951.11814534387
Hawaii,Virginia,,,7783759.981401203,32966.51286240509
Hawaii,Washington,,,4242397.976215417,17967.80319338294
Hawaii,West Virginia,,,7397642.657123149,31331.192430168634
Hawaii,Wisconsin,,,6695335.443730828,28356.714820507037
Hawaii,Wyoming,,,5412750.447888651,22924.590132234287
Idaho,Illinois,2594945.4,99403.4,2232228.4231777075,9454.143909929115
Idaho,Indiana,2926534.5,113060.5,2509520.0701255505,10628.555591119979
Idaho,Iowa,2193768.7,81971.0,1855981.7458778636,7860.628570776834
Idaho,Kansas,2168066.7,80903.5,1786304.5548642406,7565.525173542666
Idaho,Kentucky,3116756.9,120854.3,2683431.2315119267,11365.120509932867
Idaho,Louisiana,3243442.0,128063.0,2638951.767671858,11176.736898374927
Idaho,Maine,4556704.4,180956.8,3667450.195733708,15532.730240754528
Idaho,Maryland,3872491.8,151354.8,3322475.2486900724,14071.659876805012
Idaho,Massachusetts,4305804.0,170343.0,3635888.2671095356,15399.056190110974
Idaho,Michigan,3055748.7,117397.5,2551450.6052666884,10806.143739953033
Idaho,Minnesota,2361887.8,90532.6,1844902.037473861,7813.702746948116
Idaho,Mississippi,3273883.4,125924.7,2596343.776728952,10996.279524969677
Idaho,Missouri,2468326.8,93317.7,2083488.985527552,8824.188644587279
Idaho,Montana,886960.9,31934.2,474473.7070269338,2009.5357003493666
Idaho,Nebraska,1893723.1,70003.6,1627307.589219946,6892.126260225653
Idaho,Nevada,705083.7,29172.7,607467.7920574786,2572.804766361086
Idaho,New Hampshire,,,3569700.1898346334,15118.730215770212
Idaho,New Jersey,3962098.7,154388.5,3409973.3023405736,14442.239868736548
Idaho,New Mexico,1551143.1,64136.2,1237133.4608008794,5239.624069274313
Idaho,New York,4022022.8,159063.1,3404397.309213728,14418.623897846377
Idaho,North Carolina,3887263.2,154872.8,3283700.9401271897,13907.439275832805
Idaho,North Dakota,1662381.3,63734.4,1262281.0585090055,5346.131541920494
Idaho,Ohio,3206041.9,124668.7,2773115.0287412554,11744.957768786495
Idaho,Oklahoma,2388180.1,89537.6,1832437.269920598,7760.910790251945
Idaho,Oregon,766035.7,31972.3,560273.5178077711,2372.923134244678
Idaho,Pennsylvania,3767331.5,146641.7,3249528.2983837714,13762.708087272444
Idaho,Rhode Island,4264132.8,168692.4,3625283.1736053945,15354.140499975787
Idaho,South Carolina,3814857.2,149930.0,3206964.7286175904,13582.438850615677
Idaho,South Dakota,1798410.3,69740.8,1276538.300783026,5406.515156257522
Idaho,Tennessee,3107608.0,120068.2,2618684.4226700487,11090.898731308442
Idaho,Texas,2614940.2,107436.2,2211647.0986260376,9366.97594712204
Idaho,Utah,546486.5,19970.9,466411.00632925116,1975.3877915121225
Idaho,Vermont,4235117.3,169021.4,3457993.2801418924,14645.618598248015
Idaho,Virginia,3935573.7,154388.1,3324417.4291303074,14079.88558219895
Idaho,Washington,862331.2,35446.1,645107.0718423615,2732.2181866264723
Idaho,West Virginia,3426649.9,133277.4,2942039.6977689606,12460.403425845008
Idaho,Wisconsin,2645487.4,102001.8,2164835.170912172,9168.713665039788
Idaho,Wyoming,1185369.0,43371.5,974179.1906599823,4125.935395736396
Illinois,Indiana,334187.7,14438.5,289457.4563637689,1225.937462246551
Illinois,Iowa,545197.3,22778.4,384924.81737291435,1630.2698147558726
Illinois,Kansas,599160.2,25294.1,517500.06512887,2191.7649817222728
Illinois,Kentucky,602399.9,25300.8,451812.42138225836,1913.5584905601531
Illinois,Louisiana,1223623.4,50218.5,1043881.6606602658,4421.145856914067
Illinois,Maine,2091072.0,88895.1,1709594.5722923286,7240.635835591039
Illinois,Maryland,1293048.5,55286.6,1129952.7542747688,4785.682253399021
Illinois,Massachusetts,1840171.7,78281.3,1586061.7369538408,6717.437944745679
Illinois,Michigan,629350.8,26495.3,535786.2968421483,2269.212551331452
Illinois,Minnesota,842249.2,34703.8,630356.9586255557,2669.747118884707
Illinois,Mississippi,943627.9,38866.3,838382.0874687453,3550.7947233970394
Illinois,Missouri,333509.9,14599.8,254911.2596537744,1079.6241585336327
Illinois,Montana,2410292.8,95228.1,1948925.4470723795,8254.272481718313
Illinois,Nebraska,697359.1,29901.5,610280.0173231561,2584.7153674863084
Illinois,Nevada,2970024.9,114651.2,2595767.4709361214,10993.838700435337
Illinois,New Hampshire,1824407.4,81223.2,1555100.0448267714,6586.306072207502
Illinois,New Jersey,1399995.1,59287.9,1264465.8027723816,5355.384576447733
Illinois,New Mexico,1818929.4,72013.1,1515224.6312671679,6417.421967719769
Illinois,New York,1592073.4,67944.6,1362812.9393489587,5771.913625477942
Illinois,North Carolina,1320361.4,57092.7,1051907.0352085822,4455.135678530465
Illinois,North Dakota,1540183.5,61669.1,1179331.5432997455,4994.81594809304
Illinois,Ohio,613695.1,26046.7,578815.1613621879,2451.452448122208
Illinois,Oklahoma,958330.1,38891.0,854943.394762689,3620.9367307596235
Illinois,Oregon,3349562.3,130954.2,2774241.615034039,11749.729193085343
Illinois,Pennsylvania,1205227.9,51541.1,1091903.899508176,4624.534162622863
Illinois,Rhode Island,1798500.4,76630.7,1548369.1164401153,6557.798610805195
Illinois,South Carolina,1286567.6,54891.7,1010310.1780230255,4278.960753979873
Illinois,South Dakota,1322031.9,52714.3,1008957.8018004241,4273.2330429194435
Illinois,Tennessee,579318.4,25029.9,474883.1519742524,2011.2698201262456
Illinois,Texas,1480905.3,61236.2,1295217.8652456685,5485.628605746361
Illinois,Utah,2113552.6,82718.5,1888521.335385209,7998.443302807944
Illinois,Vermont,1808719.5,78119.2,1491245.7595281925,6315.864393295874
Illinois,Virginia,1329231.8,56435.4,1102895.4792155516,4671.08673550116
Illinois,Washington,3445857.8,134428.0,2775057.9474483854,11753.186600957866
Illinois,West Virginia,820308.0,35324.7,716204.7400722606,3033.337722658986
Illinois,Wisconsin,433428.8,18588.4,367570.7347404289,1556.7701706653459
Illinois,Wyoming,1408477.8,56644.2,1286271.998757572,5447.74023003207
Indiana,Iowa,762728.6,31687.1,653614.5433613776,2768.2498307070105
Indiana,Kansas,876899.5,36869.4,804458.6379318595,3407.1189371231694
Indiana,Kentucky,266560.5,11354.1,208722.3438721336,884.0005152231541
Indiana,Louisiana,1360135.5,55464.8,1112116.2750954677,4710.139518051393
Indiana,Maine,1760524.5,74819.9,1452608.5588120732,6152.224484380546
Indiana,Maryland,962501.0,41211.4,840534.8620629122,3559.9123569723342
Indiana,Massachusetts,1509624.2,64206.1,1313653.1914870788,5563.707634533511
Indiana,Michigan,402342.9,16961.0,369094.3960226801,1563.223324331351
Indiana,Minnesota,952791.4,40059.9,803114.3083833847,3401.425306094335
Indiana,Mississippi,1080140.1,44112.6,890750.5727346301,3772.5906609937274
Indiana,Missouri,590962.2,25165.8,520601.8597150836,2204.901994087413
Indiana,Montana,2658260.0,104678.2,2207884.9385624123,9351.042092734922
Indiana,Nebraska,1029124.6,43499.5,896024.7239412873,3794.928242574864
Indiana,Nevada,3301790.4,128249.2,2883894.403049151,12214.141001149346
Indiana,New Hampshire,1493859.9,67148.0,1290097.9139830328,5463.94410628108
Indiana,New Jersey,1069447.5,45212.7,979278.6283365142,4147.53301413112
Indiana,New Mexico,2052551.9,81503.6,1796809.168778366,7610.015303061315
Indiana,New York,1261525.9,53869.4,1096456.0424341646,4643.813826779991
Indiana,North Carolina,989813.9,43017.5,785276.1288086371,3325.875369071875
Indiana,North Dakota,1650725.7,67025.2,1405673.6624455072,5953.441393886855
Indiana,Ohio,283147.6,11971.5,292083.94408848404,1237.0614102571087
Indiana,Oklahoma,1191952.5,48381.5,1105458.8589247423,4681.94340250479
Indiana,Oregon,3681327.8,144552.2,3046110.002999487,12901.171777409592
Indiana,Pennsylvania,874680.3,37465.9,806269.4983540681,3414.7884636172294
Indiana,Rhode Island,1467952.9,62555.5,1271609.6237243281,5385.640759303037
Indiana,South Carolina,963714.0,41725.8,793819.2213736087,3362.0578787588133
Indiana,South Dakota,1569999.2,62164.4,1264222.5549803327,5354.354350504938
Indiana,Tennessee,462267.9,19207.0,396476.60915232444,1679.1950505274917
Indiana,Texas,1744990.6,69623.1,1479433.3587110182,6265.8354015996065
Indiana,Utah,2445318.1,96316.5,2175077.441025061,9212.09269140026
Indiana,Vermont,1478510.0,65573.4,1238167.1515989949,5244.002053831037
Indiana,Virginia,998684.3,42360.2,817234.1399666297,3461.22694574102
Indiana,Washington,3657252.5,144089.0,3037911.2231531367,12866.447533354461
Indiana,West Virginia,489760.5,21249.5,432565.14947827114,1832.0406330844426
Indiana,Wisconsin,543971.0,23944.5,457314.00473188056,1936.859314158553
Indiana,Wyoming,1740243.3,70242.2,1572346.3086739026,6659.349072030646
Iowa,Kansas,410075.4,16701.6,320534.81146091677,1357.5592014815297
Iowa,Kentucky,1029249.4,42454.4,834765.9728406239,3535.479414383819
Iowa,Louisiana,1541634.7,64662.2,1243775.2906023185,5267.75417196276
Iowa,Maine,2362782.9,99303.6,1960511.7453137739,8303.343862505395
Iowa,Maryland,1678570.3,69701.6,1476767.6619050321,6254.545391597783
Iowa,Massachusetts,2111882.5,88689.8,1870534.2566873045,7922.262734205054
Iowa,Michigan,861827.2,35744.3,760414.3472148778,3220.5784117335998
Iowa,Minnesota,398897.8,16429.8,381259.2210073305,1614.7449360310468
Iowa,Mississippi,1326061.4,56020.2,1073682.5230187823,4547.361273961901
Iowa,Missouri,440627.2,19384.1,351443.08871012565,1488.4648463017088
Iowa,Montana,1897343.2,73394.5,1564017.2990068896,6624.07326638212
Iowa,Nebraska,305265.5,12549.7,269948.9731229236,1143.3132979323823
Iowa,Nevada,2573776.1,96989.0,2246263.5888534146,9513.58696455564
Iowa,New Hampshire,2060435.4,90688.5,1824640.9351156563,7727.891019313368
Iowa,New Jersey,1768177.2,72735.3,1587113.5071566654,6721.892500898819
Iowa,New Mexico,1524800.1,64505.0,1262889.2422540332,5348.707378958258
Iowa,New York,1828101.4,77409.9,1639333.6210855287,6943.060042244592
Iowa,North Carolina,1747210.9,74246.3,1433222.2707375064,6070.117852535322
Iowa,North Dakota,1141281.2,42423.5,810916.9383713986,3434.471738984747
Iowa,Ohio,1040544.6,43200.3,922412.6909532434,3906.6890440372667
Iowa,Oklahoma,875732.3,34270.4,763843.8807751782,3235.1034950478133
Iowa,Oregon,2953313.5,113292.0,2393397.335976194,10136.741658252115
Iowa,Pennsylvania,1573410.0,64988.5,1418784.34575187,6008.968993772625
Iowa,Rhode Island,2070211.3,87039.2,1843525.001949096,7807.87059649029
Iowa,South Carolina,1726402.8,72826.1,1393121.120611368,5900.277687295206
Iowa,South Dakota,809082.3,30880.7,624858.9118627758,2646.461273771756
Iowa,Tennessee,1055681.7,45208.9,835160.4629352669,3537.1501959611305
Iowa,Texas,1493037.5,58198.8,1311150.424631702,5553.107680793091
Iowa,Utah,1717303.8,65056.3,1532586.6026601943,6490.955023031412
Iowa,Vermont,2041195.8,87368.2,1740059.2196531515,7369.662577354524
Iowa,Virginia,1756081.3,73589.0,1469041.1787034099,6221.821462743853
Iowa,Washington,2896335.7,112805.3,2390700.0389078776,10125.317811845129
Iowa,West Virginia,1247157.5,52478.3,1086071.0381105598,4599.8302790564885
Iowa,Wisconsin,451565.9,20348.6,397795.4657643023,1684.7807961782214
Iowa,Wyoming,1012228.9,38982.0,931006.2998091405,3943.085505074007
Kansas,Kentucky,1000994.5,42045.3,935703.602635736,3962.9799641042932
Kansas,Louisiana,1298509.5,55342.7,1032866.2079411808,4374.492174809707
Kansas,Maine,2637393.4,111350.1,2212066.1581406803,9368.75078741935
Kansas,Maryland,1839369.8,77741.6,1643455.916778783,6960.519176945434
Kansas,Massachusetts,2386493.0,100736.3,2099195.6663080584,8890.711057304718
Kansas,Michigan,1225149.9,50925.3,1013728.9190023475,4293.440127539355
Kansas,Minnesota,808284.4,32849.6,685657.2278488533,2903.960023830438
Kansas,Mississippi,1194981.0,49256.8,902615.5679762262,3822.8424055463697
Kansas,Missouri,352564.4,14508.7,304904.87223410624,1291.3618118150382
Kansas,Montana,1999800.5,78210.6,1570767.9922880498,6652.664437925858
Kansas,Nebraska,269855.9,11977.8,220590.60881954874,934.2661079416183
Kansas,Nevada,2549463.7,95969.4,2100440.315085172,8895.982510948965
Kansas,New Hampshire,2370728.8,103678.2,2063876.1487641833,8741.12251241301
Kansas,New Jersey,1946316.4,81742.9,1781936.235192189,7547.024054931624
Kansas,New Mexico,1115497.6,47905.4,1000911.7836029228,4239.155789377085
Kansas,New York,2138394.7,90399.6,1873156.6980868487,7933.369544838419
Kansas,North Carolina,1771500.8,76063.8,1525002.3514628685,6458.833488548619
Kansas,North Dakota,1243738.5,47239.6,952312.5865991742,4033.3238961847374
Kansas,Ohio,1160016.4,48501.7,1095706.6307986001,4640.639848088189
Kansas,Oklahoma,470821.9,18089.2,444619.01214830135,1883.0922867457468
Kansas,Oregon,2929001.0,112272.4,2341690.7893485734,9917.749225476313
Kansas,Pennsylvania,1751549.2,73996.1,1609300.2459187089,6815.859865067473
Kansas,Rhode Island,2344821.7,99085.7,2063717.1753105663,8740.449213080045
Kansas,South Carolina,1699094.9,71121.0,1422558.5482206424,6024.953851287427
Kansas,South Dakota,911539.7,35696.8,706071.6022347752,2990.4209035825775
Kansas,Tennessee,991845.7,41259.2,833140.9082175093,3528.596787744745
Kansas,Texas,1088127.2,42017.6,1004304.830441813,4253.526340694737
Kansas,Utah,1692991.4,64036.7,1405570.716716126,5953.005388444769
Kansas,Vermont,2355378.8,102103.6,1992067.5420194208,8436.991942670487
Kansas,Virginia,1819811.3,75579.1,1604132.6514065445,6793.973582427718
Kansas,Washington,3025296.5,115746.2,2370408.660322709,10039.377855484414
Kansas,West Virginia,1310887.5,54468.4,1218348.8871401632,5160.065874946574
Kansas,Wisconsin,861153.5,36750.9,694075.3048793006,2939.613055959391
Kansas,Wyoming,1016464.2,38297.6,814742.3803150385,3450.6736107460456
Kentucky,Louisiana,1282146.8,52318.1,1025083.7011371005,4341.5309695218375
Kentucky,Maine,1763206.8,76338.1,1432423.40735973,6066.734431170621
Kentucky,Maryland,937066.7,38631.5,729464.0430042113,3089.4947703707767
Kentucky,Massachusetts,1512306.4,65724.3,1265683.070540974,5360.540063467654
Kentucky,Michigan,586623.6,26319.2,511778.0453560062,2167.5305450372025
Kentucky,Minnesota,1218068.4,51028.6,1010938.3467270756,4281.621233197026
Kentucky,Mississippi,996172.6,41019.5,803874.6224624958,3404.6454598411588
Kentucky,Missouri,715315.0,30346.1,633487.8633163458,2683.0074211045235
Kentucky,Montana,2923208.8,115498.3,2397652.16167904,10154.762096522994
Kentucky,Nebraska,1218824.0,51363.0,1058313.5081501014,4482.268975694547
Kentucky,Nevada,3491489.8,136112.7,3034075.944903561,12850.204001944492
Kentucky,New Hampshire,1515326.4,68827.9,1258295.7049244568,5329.252397327111
Kentucky,New Jersey,1090001.8,45279.0,899270.2761120168,3808.674110592071
Kentucky,New Mexico,2166582.6,86169.3,1900934.4516897812,8051.016501274366
Kentucky,New York,1282992.3,55549.3,1066466.4670638922,4516.7991546235435
Kentucky,North Carolina,778813.1,34799.3,600289.0546854235,2542.4007021970874
Kentucky,North Dakota,1916002.7,77993.9,1607531.7839710985,6808.369908583476
Kentucky,Ohio,302832.5,13583.9,266310.37204459496,1127.9027521888727
Kentucky,Oklahoma,1305983.3,53047.2,1171281.467005052,4960.721507315514
Kentucky,Oregon,3871027.2,152415.7,3226053.4241570565,13663.285090547532
Kentucky,Pennsylvania,895234.6,37532.2,729572.6833502521,3089.954894189303
Kentucky,Rhode Island,1459551.0,63230.7,1213636.3526386358,5140.106905293045
Kentucky,South Carolina,705460.3,31152.5,585356.7013644403,2479.1577940140996
Kentucky,South Dakota,1834947.9,72984.5,1455165.1898802829,6163.052568904728
Kentucky,Tennessee,336091.2,13938.9,283343.39689995244,1200.0426221645046
Kentucky,Texas,1714652.5,68320.2,1469834.5034207632,6225.181426252644
Kentucky,Utah,2635017.5,104180.0,2332012.483364708,9876.758753074057
Kentucky,Vermont,1499976.4,67253.3,1228718.154420695,5203.98277166412
Kentucky,Virginia,827123.7,34314.6,670084.0180625425,2838.002900029592
Kentucky,Washington,3922201.3,154909.1,3225383.1744774617,13660.44638602219
Kentucky,West Virginia,318199.9,13203.9,289820.92237181263,1227.476847692383
Kentucky,Wisconsin,809248.0,34913.2,665852.7476084678,2820.0822251652753
Kentucky,Wyoming,1929942.6,78105.7,1731649.8446512136,7334.046400875729
Louisiana,Maine,2782870.5,117640.7,2417145.2660196037,10237.321126671262
Louisiana,Maryland,1888850.9,77647.6,1624422.9168596687,6879.908824346832
Louisiana,Massachusetts,2531970.1,107026.9,2221434.071158412,9408.426654317978
Louisiana,Michigan,1764549.9,71943.8,1480916.9474573005,6272.118836289744
Louisiana,Minnesota,1934100.1,79847.0,1610012.6560179438,6818.8771313701145
Louisiana,Mississippi,281344.6,11549.3,222407.72382417947,941.962124431819
Louisiana,Missouri,1098293.5,49970.1,900719.0745923326,3814.8101982734083
Louisiana,Montana,3202731.5,127019.3,2529406.1520931595,10712.77899710044
Louisiana,Nebraska,1543068.8,64667.8,1253423.528077621,5308.617295387572
Louisiana,Nevada,3332639.2,135541.5,2781592.584605669,11780.862711271071
Louisiana,New Hampshire,2607928.8,110700.3,2234958.3350187796,9465.7058894913
Louisiana,New Jersey,2120270.7,87219.8,1829649.5857060296,7749.104127696124
Louisiana,New Mexico,1712133.1,68515.6,1500353.842262345,6354.439802522873
Louisiana,New York,2383911.2,99106.6,2051789.9784529535,8689.93402638898
Louisiana,North Carolina,1497395.6,62578.0,1293160.362884068,5476.914478097229
Louisiana,North Dakota,2499940.4,99023.4,1985169.83282213,8407.778115481962
Louisiana,Ohio,1554983.9,64486.0,1290800.4318355664,5466.919476009457
Louisiana,Oklahoma,1012541.1,40307.0,808488.9166721614,3424.1883529644483
Louisiana,Oregon,4002697.2,159215.8,3195648.4207837475,13534.510958613519
Louisiana,Pennsylvania,1925259.9,78936.6,1681376.6149623413,7121.124486899328
Louisiana,Rhode Island,2479214.7,104533.3,2157136.3609382994,9136.10694044456
Louisiana,South Carolina,1178185.2,48232.2,1027936.1044671386,4353.611736566705
Louisiana,South Dakota,2167741.5,87480.6,1735698.6436274836,7351.19425536346
Louisiana,Tennessee,947748.9,38601.5,742312.7279593942,3143.912730180964
Louisiana,Texas,691927.8,28517.9,626620.394667081,2653.9216715311663
Louisiana,Utah,2766687.6,110980.1,2191745.929121209,9282.688640983943
Louisiana,Vermont,2659725.4,112886.3,2228150.4994482878,9436.87270354569
Louisiana,Virginia,1699682.5,70709.8,1489443.0855216887,6308.229538680093
Louisiana,Washington,4098992.7,162689.6,3269843.4079579813,13848.748551351451
Louisiana,West Virginia,1552980.9,63600.0,1234615.2799932102,5228.958832912419
Louisiana,Wisconsin,1622650.6,67827.7,1410948.6389222066,5975.782470729346
Louisiana,Wyoming,2090160.4,85241.0,1702363.2437061176,7210.009032167086
Maine,Maryland,936351.8,42524.4,820556.1972059419,3475.296835225166
Maine,Massachusetts,259413.0,11586.4,238448.3643076158,1009.898954714608
Maine,Michigan,1496825.7,64659.8,1202534.9801242645,5093.08932758512
Maine,Minnesota,2496170.7,105182.3,1835871.2766300135,7775.454818668292
Maine,Mississippi,2519609.1,106920.0,2206267.4697969253,9344.19163678698
Maine,Missouri,2345980.4,99590.5,1961810.4790267092,8308.84438176018
Maine,Montana,4210475.7,171237.3,3260355.764669048,13808.5655915395
Maine,Nebraska,2662474.4,111281.6,2230342.1054473845,9446.154799541864
Maine,Nevada,4930985.0,195720.9,4151128.106655905,17581.248451719126
Maine,New Hampshire,263214.8,11500.9,184924.2306403994,783.2085062416917
Maine,New Jersey,686778.5,31788.9,610003.3020125417,2583.543396759
Maine,New Mexico,3807570.1,155928.3,3210932.3426145124,13599.242862837937
Maine,New York,519263.0,22798.2,367046.622693071,1554.5504019941832
Maine,North Carolina,1373825.4,62578.1,1209255.8757235042,5121.5542971819
Maine,North Dakota,3194105.1,132147.6,2409670.0114231706,10205.661224851076
Maine,Ohio,1475271.9,63123.0,1179751.5173574844,4996.594661749346
Maine,Oklahoma,2946970.7,122806.2,2556685.934968484,10828.316901042992
Maine,Oregon,5310522.4,212023.9,4134292.382077122,17509.94420644428
Maine,Pennsylvania,865113.0,39338.8,737852.0363148305,3125.020389098106
Maine,Rhode Island,339545.1,15366.7,316558.85485251783,1340.719855845958
Maine,South Carolina,1729842.2,76038.7,1499422.0960600695,6350.493583313235
Maine,South Dakota,3122214.9,128723.5,2410054.373492827,10207.289111263739
Maine,Tennessee,2015073.6,86416.3,1704285.826391083,7218.15173530341
Maine,Texas,3396828.3,140893.1,2902256.1801327243,12291.90852762095
Maine,Utah,4074512.7,163788.2,3438942.277703929,14564.931999687231
Maine,Vermont,280992.6,15901.5,220559.14366528063,934.1328437588356
Maine,Virginia,1126096.9,51363.9,985954.6209009041,4175.807806168535
Maine,Washington,5209468.2,210648.1,4059077.887385947,17191.388699516952
Maine,West Virginia,1446532.0,63168.0,1184302.183929016,5015.868073111127
Maine,Wisconsin,2087350.4,89066.9,1571784.5245919605,6656.969751213009
Maine,Wyoming,3369437.8,137713.9,2859174.007196808,12109.44285401001
Maryland,Massachusetts,684982.3,31772.5,603906.5537689804,2557.7218747862703
Maryland,Michigan,985695.3,40986.7,797390.778252555,3377.184472599057
Maryland,Minnesota,1816314.3,75571.1,1514272.6599502724,6413.390089201153
Maryland,Mississippi,1626193.8,67205.3,1423952.3638241251,6030.857070313941
Maryland,Missouri,1553888.6,66166.4,1350351.0603678252,5719.133902734319
Maryland,Montana,3530619.3,141626.1,2985396.2870021746,12644.03133318568
Maryland,Nebraska,1982617.9,81670.4,1731562.5670343859,7333.676754498575
Maryland,Nevada,4251128.5,166109.7,3720379.8390867226,15756.902847896708
Maryland,New Hampshire,760941.0,35445.9,635916.3976539981,2693.2929782992865
Maryland,New Jersey,260985.2,11956.7,211169.89659425727,894.3666208697954
Maryland,New Mexico,3015478.2,122504.2,2626262.7999936817,11122.995388208534
Maryland,New York,568890.4,25454.8,482846.03631152055,2044.9949773193814
Maryland,North Carolina,471635.8,21444.6,393146.5147032498,1665.091121096117
Maryland,North Dakota,2514248.6,102536.4,2143199.5026876004,9077.080246676896
Maryland,Ohio,681518.8,29654.6,555195.2915262016,2351.415352346266
Maryland,Oklahoma,2154878.9,89382.1,1900404.5458542004,8048.772194206026
Maryland,Oregon,4630665.9,182412.7,3844695.631633811,16283.416792802022
Maryland,Pennsylvania,179393.2,8669.6,143746.48541122727,608.8086440946096
Maryland,Rhode Island,632226.9,29278.9,535198.1249337344,2266.7214703075815
Maryland,South Carolina,827652.6,34905.2,679826.2488428344,2879.264112746122
Maryland,South Dakota,2442358.4,99112.3,2052604.7531581598,8693.384836905148
Maryland,Tennessee,1121658.3,46701.6,959222.9277585356,4062.591223447916
Maryland,Texas,2503413.0,101178.4,2155937.957873102,9131.03135099196
Maryland,Utah,3394656.2,134177.0,3008556.7963667046,12742.122902258983
Maryland,Vermont,846384.9,38516.9,673010.7561025033,2850.3984964341316
Maryland,Virginia,223907.4,10230.4,172810.786020875,731.9045055001765
Maryland,Washington,4529611.8,181036.9,3816123.2561650397,16162.40437905193
Maryland,West Virginia,621965.4,25627.0,440825.6247834108,1867.0261755532695
Maryland,Wisconsin,1407493.9,59455.7,1166581.7096820236,4940.816652770924
Maryland,Wyoming,2689581.4,108102.7,2405999.0149176023,10190.11347494514
Massachusetts,Michigan,1248734.4,54026.2,1111967.9230446916,4709.511203483399
Massachusetts,Minnesota,2248079.5,94548.7,1791618.699023896,7588.032137042383
Massachusetts,Mississippi,2271517.9,96286.4,2015549.6339368548,8536.445508438444
Massachusetts,Missouri,2097889.2,88956.9,1832308.534255837,7760.365556848251
Massachusetts,Montana,3962384.5,160603.7,3247479.261881615,13754.029815028016
Massachusetts,Nebraska,2414383.2,100648.0,2139616.17959364,9061.903819455418
Massachusetts,Nevada,4682893.8,185087.3,4094949.9637279315,17343.317493435945
Massachusetts,New Hampshire,108833.0,5057.0,101669.59583467415,430.6006411821494
Massachusetts,New Jersey,438687.3,21155.3,393670.51833089604,1667.3104305779125
Massachusetts,New Mexico,3559478.8,145294.7,3099924.364788637,13129.091427340109
Massachusetts,New York,271171.8,12164.6,232988.6239128599,986.7753483368185
Massachusetts,North Carolina,1125734.2,51944.5,984510.2662520503,4169.690539420449
Massachusetts,North Dakota,2946013.8,121514.0,2391284.320780698,10127.792417424133
Massachusetts,Ohio,1227180.7,52489.4,1028019.5013555976,4353.964946917825
Massachusetts,Oklahoma,2698879.5,112172.6,2417376.6463962216,10238.301090619292
Massachusetts,Oregon,5062431.1,201390.3,4121897.6887766346,17457.44903481869
Massachusetts,Pennsylvania,617021.8,28705.2,543513.8346063001,2301.940946567859
Massachusetts,Rhode Island,79997.9,4034.8,78161.53129235008,331.0370737087768
Massachusetts,South Carolina,1481750.9,65405.1,1276418.9152296851,5406.009523325725
Massachusetts,South Dakota,2874123.6,118089.9,2364602.1213385896,10014.785455081086
Massachusetts,Tennessee,1766982.3,75782.7,1526811.26246912,6466.494758692744
Massachusetts,Texas,3148737.1,130259.5,2729702.7569778557,11561.094029553271
Massachusetts,Utah,3826421.5,153154.6,3379558.6937866514,14313.425056037582
Massachusetts,Vermont,289622.6,12867.9,240219.09705834757,1017.3985287177073
Massachusetts,Virginia,878005.7,40730.3,762319.4917246067,3228.6472590689223
Massachusetts,Washington,4961377.0,200014.5,4060339.1750558363,17196.730623765892
Massachusetts,West Virginia,1198440.7,52534.4,999788.8365546305,4234.399778349023
Massachusetts,Wisconsin,1839259.1,78433.3,1496327.2586454167,6337.386036615882
Massachusetts,Wyoming,3121346.6,127080.3,2788805.5211688625,11811.411619068123
Michigan,Minnesota,998899.7,42097.2,719963.8526016732,3049.2586698423806
Michigan,Mississippi,1481614.9,60604.4,1259767.8959369392,5335.48755926233
Michigan,Missouri,957992.4,40321.3,789470.3564845576,3343.6391568757736
Michigan,Montana,2713204.7,108152.2,2195312.39851521,9297.793687829126
Michigan,Nebraska,1163737.8,47999.2,1030264.1721782048,4363.471788048867
Michigan,Nevada,3432248.4,132438.5,2987629.755091816,12653.490727447692
Michigan,New Hampshire,1210896.3,55567.8,1064238.2096887813,4507.361829270132
Michigan,New Jersey,1073881.0,44074.0,859259.1307585065,3639.215142036028
Michigan,New Mexico,2441417.3,97705.4,2009375.575719432,8510.296555988183
Michigan,New York,978562.2,42289.2,879900.0097596378,3726.6353354525836
Michigan,North Carolina,1153009.6,50981.8,914728.0486516347,3874.142323701041
Michigan,North Dakota,1696834.1,69062.5,1347618.284869193,5707.559794740112
Michigan,Ohio,416646.3,17809.5,339996.71526115894,1439.9860881649086
Michigan,Oklahoma,1580817.9,64583.3,1388736.881387338,5881.7091446993145
Michigan,Oregon,3811785.8,148741.5,3061054.726211405,12964.467075718892
Michigan,Pennsylvania,879113.8,36327.2,704063.5548909637,2981.9162324793756
Michigan,Rhode Island,1237378.3,53400.5,1088758.5722683303,4611.21277666587
Michigan,South Carolina,1230805.9,54166.1,1027993.3511176744,4353.854192968974
Michigan,South Dakota,1624943.9,65638.4,1275021.3676362978,5400.09049822432
Michigan,Tennessee,859353.2,35653.4,759471.3348115084,3216.5844768487414
Michigan,Texas,2146465.5,86114.9,1819144.1366431578,7704.610461076903
Michigan,Utah,2575776.1,100505.8,2271782.6374068544,9621.667640781972
Michigan,Vermont,1173033.4,51900.5,981991.1640552336,4159.021400704519
Michigan,Virginia,1057329.9,45717.7,851140.7820942538,3604.83154769331
Michigan,Washington,3712197.2,147563.0,3024112.393393008,12808.005430840976
Michigan,West Virginia,652956.3,29213.8,551204.613821374,2334.513658537584
Michigan,Wisconsin,590079.4,25981.8,388575.2876825777,1645.7306301850347
Michigan,Wyoming,1870701.2,74431.5,1677737.8783191396,7105.713366998709
Minnesota,Mississippi,1617722.3,69641.0,1427107.3119436353,6044.219203525985
Minnesota,Missouri,831768.1,35126.6,709303.070917368,3004.1071238853233
Minnesota,Montana,1755575.9,66702.5,1475812.5593941177,6250.500251551557
Minnesota,Nebraska,703752.7,28671.8,544827.5967551512,2307.5051156688755
Minnesota,Nevada,2853695.7,111031.0,2315503.7577687018,9806.839444667443
Minnesota,New Hampshire,2189123.7,95868.1,1727909.0108989642,7318.202869689731
Minnesota,New Jersey,1896865.6,77914.9,1576489.5573234637,6676.896948664082
Minnesota,New Mexico,1922837.7,80563.8,1511429.0938859365,6401.346750575731
Minnesota,New York,1956789.7,82589.5,1559726.836756062,6605.901896849204
Minnesota,North Carolina,1928297.7,81640.8,1569006.9833836993,6645.206047272139
Minnesota,North Dakota,705641.9,27422.3,629052.831374414,2664.223756409283
Minnesota,Ohio,1221631.4,50594.8,997294.2837158702,4223.834613384863
Minnesota,Oklahoma,1273770.0,50329.2,1128448.293437202,4779.310419263444
Minnesota,Oregon,2879116.9,111626.4,2343987.765076494,9927.47759326515
Minnesota,Pennsylvania,1702098.4,70168.1,1423962.7478099067,6030.901049547841
Minnesota,Rhode Island,2198899.6,92218.8,1780404.5647008226,7540.536979909367
Minnesota,South Carolina,1905598.5,80520.1,1596181.6402570652,6760.298711676983
Minnesota,South Dakota,738297.4,30097.8,574622.2136346017,2433.69408127596
Minnesota,Tennessee,1365027.6,56401.4,1103302.4543140465,4672.810394741844
Minnesota,Texas,1891075.2,74257.6,1687868.1039874002,7148.61785218193
Minnesota,Utah,1997223.4,79098.3,1605099.767196953,6798.069602245919
Minnesota,Vermont,2171857.6,92814.2,1621452.7003996617,6867.329084045626
Minnesota,Virginia,1880314.5,79558.6,1550118.198819161,6565.206489116446
Minnesota,Washington,2754568.4,106113.3,2304150.318836656,9758.754291543484
Minnesota,West Virginia,1428244.3,59872.8,1198010.9701896117,5073.928814920709
Minnesota,Wisconsin,417263.3,17399.7,358221.5834145652,1517.1737650499233
Minnesota,Wyoming,1308384.9,54420.9,1042066.0330149931,4413.456139828206
Mississippi,Missouri,869248.3,38863.7,723217.6167697103,3063.039318083479
Mississippi,Montana,3131555.9,124437.4,2447584.598600786,10366.240652897448
Mississippi,Nebraska,1418622.3,59110.8,1120686.4437876034,4746.436703100438
Mississippi,Nevada,3294897.2,134147.2,2788371.9671281762,11809.575390189922
Mississippi,New Hampshire,2345611.2,100082.8,2025237.5901489374,8577.476852395499
Mississippi,New Jersey,1857953.0,76602.3,1625954.0780288659,6886.393742239902
Mississippi,New Mexico,1674391.1,67121.3,1519918.8446608605,6437.303342093056
Mississippi,New York,2121593.6,88489.1,1839943.3706940834,7792.701334704353
Mississippi,North Carolina,1266130.5,53112.1,1111672.8589245654,4708.261520151101
Mississippi,North Dakota,2375493.9,93466.4,1846181.5156898003,7819.121713509742
Mississippi,Ohio,1274476.5,53184.4,1069940.7105550522,4531.513597644927
Mississippi,Oklahoma,974799.2,38912.7,774470.5247484008,3280.1104577579326
Mississippi,Oregon,4035362.6,157410.0,3156282.5176304607,13367.784780552538
Mississippi,Pennsylvania,1662942.2,68319.1,1473279.450135785,6239.7717888103825
Mississippi,Rhode Island,2216897.0,93915.8,1953184.9336136635,8272.312660010812
Mississippi,South Carolina,955419.6,39026.8,865048.6919709914,3663.7356365830224
Mississippi,South Dakota,2043295.1,81923.6,1607877.7548379197,6809.8351969606
Mississippi,Tennessee,666409.8,27443.8,520710.59868891595,2205.362535623644
Mississippi,Texas,871949.4,36084.7,759062.9537248709,3214.854862834747
Mississippi,Utah,2799352.9,109174.3,2163577.6234247517,9163.387581563655
Mississippi,Vermont,2397407.7,102268.8,2013935.3822823933,8529.6086779019
Mississippi,Virginia,1491948.6,61036.6,1297111.193377388,5493.6474072454075
Mississippi,Washington,4131658.0,160883.8,3214976.0389913036,13616.36910631611
Mississippi,West Virginia,1288370.1,52853.7,1022050.6840866047,4328.68525024915
Mississippi,Wisconsin,1342143.3,56526.1,1205833.6991436807,5107.060372843824
Mississippi,Wyoming,2122825.7,83435.2,1636804.8595262142,6932.349993287496
Missouri,Montana,2284254.1,89207.8,1844125.5974143366,7810.414294931308
Missouri,Nebraska,571320.5,23881.2,466945.11823456816,1977.6499125228768
Missouri,Nevada,2843986.3,108630.9,2405224.2912605954,10186.832292397816
Missouri,New Hampshire,2084820.1,91926.3,1804768.3180696664,7643.724641236234
Missouri,New Jersey,1660407.8,69991.0,1498719.1139866228,6347.516247472755
Missouri,New Mexico,1536300.6,60499.9,1277657.1850281812,5411.253960119356
Missouri,New York,1852486.1,78647.7,1611779.817128075,6826.3615784247895
Missouri,North Carolina,1485592.2,64311.9,1220129.6924557735,5167.608109224452
Missouri,North Dakota,1528192.1,58236.8,1147718.853405349,4860.926908540301
Missouri,Ohio,874107.8,36749.8,812020.7718778739,3439.146798541584
Missouri,Oklahoma,675701.3,27377.8,600047.977281136,2541.3796684848116
Missouri,Oregon,3223523.6,124933.9,2636002.6047084387,11164.246325823977
Missouri,Pennsylvania,1465640.6,62244.2,1325627.634277037,5614.422921643922
Missouri,Rhode Island,2058913.1,87333.8,1791736.5175458973,7588.531133135564
Missouri,South Carolina,1413186.2,59369.1,1123531.6031340656,4758.486789744277
Missouri,South Dakota,1195993.3,46694.0,933631.719024868,3954.2049276347348
Missouri,Tennessee,705937.0,29507.3,536971.2951877175,2274.231367853862
Missouri,Texas,1198276.5,49723.0,1061385.1315954372,4495.278204404204
Missouri,Utah,1987514.0,76698.2,1709836.0017208408,7241.658360229443
Missouri,Vermont,2069470.2,90351.7,1744139.4411281531,7386.943515366295
Missouri,Virginia,1533902.7,63827.2,1303320.4803163044,5519.945563692583
Missouri,Washington,3319819.1,128407.7,2655977.413621674,11248.845516515325
Missouri,West Virginia,1024978.9,42716.5,919247.2018396007,3893.2822666147795
Missouri,Wisconsin,670858.7,30997.2,558483.2219242982,2365.340704620557
Missouri,Wyoming,1282439.1,50623.9,1115895.9015104224,4726.147347573554
Montana,Nebraska,1826756.1,69316.4,1377333.5832077048,5833.4128229973385
Montana,Nevada,1445508.2,55054.6,1077446.6658496372,4563.3035259514045
Montana,New Hampshire,3907182.3,162400.0,3175142.6177041745,13447.662851452973
Montana,New Jersey,3614924.2,144446.8,3052130.9041302595,12926.672064551687
Montana,New Mexico,1782906.2,72541.5,1317024.5518274254,5577.986337151448
Montana,New York,3674848.3,149121.4,3019139.911745328,12786.945508568448
Montana,North Carolina,3645608.5,147706.0,2992863.1500978726,12675.655694532166
Montana,North Dakota,1052870.8,39782.9,856560.9660959571,3627.787621112289
Montana,Ohio,2938942.3,116660.0,2450052.5580659374,10376.693187102792
Montana,Oklahoma,2349029.1,89053.3,1730032.3249905864,7327.195729371895
Montana,Oregon,1138263.7,46912.2,874721.7854234775,3704.704032381787
Montana,Pennsylvania,3420157.0,136700.0,2899345.573229936,12279.581251326787
Montana,Rhode Island,3916958.2,158750.7,3243470.578713541,13737.051862786762
Montana,South Carolina,3629822.0,146011.5,2953403.548845952,12508.532677465208
Montana,South Dakota,1130771.0,46633.9,943662.7139204332,3996.6891413100698
Montana,Tennessee,2922572.8,116149.7,2377983.753699027,10071.460603901762
Montana,Texas,2751474.7,108192.1,2202775.116489755,9329.400493368375
Montana,Utah,778249.6,28376.2,646977.7281752323,2740.140966389219
Montana,Vermont,3889916.1,159346.1,3056893.9242888573,12946.844855811632
Montana,Virginia,3598373.1,146090.5,3006886.8108031284,12735.050022225014
Montana,Washington,1013715.2,41399.1,831697.5869392544,3522.483897625077
Montana,West Virginia,3145555.2,125938.0,2634877.5519614946,11159.481396542802
Montana,Wisconsin,2135321.9,83931.6,1818890.2110626358,7703.535011559397
Montana,Wyoming,1114684.0,42298.2,834608.5697718358,3534.812766092481
Nebraska,Nevada,2273974.5,85051.0,1988934.3604562946,8423.72199722666
Nebraska,New Hampshire,2365159.0,102890.3,2094438.8671966386,8870.564614009292
Nebraska,New Jersey,2072900.8,84937.1,1850064.855626035,7835.568800298502
Nebraska,New Mexico,1233760.0,53379.6,1000431.3263728198,4237.120911696649
Nebraska,New York,2132825.0,89611.7,1908730.3203145778,8084.034297802917
Nebraska,North Carolina,1989878.9,85351.1,1657921.1112889536,7021.78353016498
Nebraska,North Dakota,1028863.0,39057.3,731812.3229578781,3099.440426645131
Nebraska,Ohio,1308657.7,55147.0,1176433.0554519934,4982.539999561383
Nebraska,Oklahoma,698617.5,27789.1,611330.1579950729,2589.1630220967795
Nebraska,Oregon,2653511.9,101354.0,2175349.796762784,9213.246198054145
Nebraska,Pennsylvania,1878133.6,77190.3,1680263.5164146936,7116.410187168114
Nebraska,Rhode Island,2374934.9,99241.0,2111609.448101274,8943.287074311278
Nebraska,South Carolina,1917473.0,80408.3,1585219.945770599,6713.872711499008
Nebraska,South Dakota,675587.2,27266.5,487236.3220265636,2063.5891285830926
Nebraska,Tennessee,1210223.8,50546.5,1002673.1788653596,4246.615816370935
Nebraska,Texas,1315922.7,51717.5,1187792.464034888,5030.6504359124665
Nebraska,Utah,1417502.3,53118.3,1279052.7246838347,5417.164481013888
Nebraska,Vermont,2345919.4,99570.0,2009917.632651584,8512.592326524356
Nebraska,Virginia,2038189.4,84866.4,1712580.260521088,7253.281103383431
Nebraska,Washington,2749807.4,104827.8,2190077.878016445,9275.623953952
Nebraska,West Virginia,1529265.6,63755.7,1326235.058019481,5616.995539847213
Nebraska,Wisconsin,756289.5,32550.4,663733.8103078175,2811.1079024801684
Nebraska,Wyoming,712427.4,27044.0,676363.0316475298,2864.596369330715
Nevada,New Hampshire,4634668.1,187365.6,4037556.456594616,17100.23911028308
Nevada,New Jersey,4342410.0,169412.4,3832502.6604062985,16231.7759734855
Nevada,New Mexico,1706480.0,71287.6,1282048.2663433156,5429.851480983454
Nevada,New York,4402334.1,174087.0,3861961.36133827,16356.542236256202
Nevada,North Carolina,4267574.4,169896.7,3625311.0826467276,15354.258702974375
Nevada,North Dakota,2221293.0,86899.5,1790694.4411783828,7584.117633226092
Nevada,Ohio,3586353.2,139692.6,3165189.691588171,13405.509282020488
Nevada,Oklahoma,2480403.3,100558.2,2017373.029016443,8544.16812289317
Nevada,Oregon,859182.0,39492.8,713587.5745283415,3022.253256825917
Nevada,Pennsylvania,4147642.8,161665.6,3664939.274475467,15522.095750719625
Nevada,Rhode Island,4644444.0,183716.3,4075813.145846635,17262.26744123281
Nevada,South Carolina,4195168.5,164953.9,3504772.428508129,14843.742050152076
Nevada,South Dakota,2178721.6,84764.7,1742535.322819404,7380.149602529241
Nevada,Tennessee,3487919.3,135092.1,2918700.7127493224,12361.555959879483
Nevada,Texas,2723404.5,112426.1,2253908.8969269814,9545.967092867215
Nevada,Utah,860340.8,32296.1,715849.6997158035,3031.8340223257555
Nevada,Vermont,4615428.6,184045.3,3935631.1982655944,16668.555663242514
Nevada,Virginia,4315885.0,169412.0,3698067.9797560214,15662.405561319621
Nevada,Washington,1111356.0,50228.5,928458.3080091379,3932.294010391643
Nevada,West Virginia,3806961.2,148301.3,3311117.0086259074,14023.55438947443
Nevada,Wisconsin,3025798.6,117025.7,2599996.2758961436,11011.748933207198
Nevada,Wyoming,1565680.3,58395.4,1315261.4860342075,5570.519234968408
New Hampshire,New Jersey,510100.5,24790.1,425759.7954984749,1803.2179574053052
New Hampshire,New Mexico,3545052.0,148232.6,3064597.1265930086,12979.47018321745
New Hampshire,New York,239288.0,13824.5,193764.8181052388,820.6509943280703
New Hampshire,North Carolina,1197147.4,55579.3,1025607.5112113692,4343.749459248153
New Hampshire,North Dakota,2896265.7,123573.0,2319935.2088189237,9825.60794323309
New Hampshire,Ohio,1212753.9,55427.3,1010845.7716121329,4281.229150357269
New Hampshire,Oklahoma,2684452.7,115110.5,2395556.5097367647,10145.88639417924
New Hampshire,Oregon,5012683.0,203449.3,4049851.342855679,17152.311569741698
New Hampshire,Pennsylvania,688435.0,32340.0,554226.6609189385,2347.312916833151
New Hampshire,Rhode Island,176665.1,8729.6,163605.87831603104,692.9190140443668
New Hampshire,South Carolina,1553164.2,69039.9,1315197.7655727735,5570.249360072923
New Hampshire,South Dakota,2824375.5,120148.9,2302168.9324278682,9750.36253734156
New Hampshire,Tennessee,1838395.6,79417.5,1526821.6583865131,6466.538788460525
New Hampshire,Texas,3220150.3,133894.3,2727307.4990295335,11550.949407654496
New Hampshire,Utah,3776673.3,155213.6,3322991.901874037,14073.848054995922
New Hampshire,Vermont,186651.3,8305.5,140157.03317253932,593.6062581425194
New Hampshire,Virginia,949419.0,44365.1,802274.332220487,3397.867759992651
New Hampshire,Washington,4911628.8,202073.5,3984244.406695146,16874.44689894415
New Hampshire,West Virginia,1269854.0,56169.2,1003967.6174690349,4252.098144574736
New Hampshire,Wisconsin,1789511.0,80492.3,1443631.525949431,6114.204109903472
New Hampshire,Wyoming,3071598.4,129139.3,2736006.671860058,11587.792963172009
New Jersey,New Mexico,3120500.2,126264.6,2775967.6337082777,11757.039389823294
New Jersey,New York,316022.4,14859.5,287445.8822929706,1217.4178544172873
New Jersey,North Carolina,698857.2,32140.1,600071.240402487,2541.4781946458274
New Jersey,North Dakota,2603656.7,105613.4,2200051.585930734,9317.86554041252
New Jersey,Ohio,786540.8,33415.0,687195.3330940201,2910.4743519276144
New Jersey,Oklahoma,2259900.8,93142.5,2067055.4480043857,8754.58777978328
New Jersey,Oregon,4720074.0,185489.7,3919801.9711725884,16601.51423084861
New Jersey,Pennsylvania,202605.2,8837.3,173091.54885979788,733.0936187003205
New Jersey,Rhode Island,383222.2,18726.0,327496.5272854449,1387.0441155618844
New Jersey,South Carolina,1054874.0,45600.7,889468.6557481571,3767.161365521606
New Jersey,South Dakota,2531766.5,102189.3,2133905.390693381,9037.716948819027
New Jersey,Tennessee,1350943.4,55858.5,1147366.4891385087,4859.434542233684
New Jersey,Texas,2732698.1,110335.3,2349270.3583837803,9949.850929625421
New Jersey,Utah,3484064.3,137254.0,3117569.403844357,13203.823357458454
New Jersey,Vermont,597380.2,27964.0,474289.742403709,2008.7565560627672
New Jersey,Virginia,451128.7,20925.9,376817.5889355317,1595.9333178446047
New Jersey,Washington,4619019.8,184113.9,3878781.424186919,16427.78014949754
New Jersey,West Virginia,773960.9,32219.0,620189.0381579164,2626.6829851394104
New Jersey,Wisconsin,1496902.0,62532.7,1245193.7636603455,5273.761822561463
New Jersey,Wyoming,2778989.4,111179.7,2517634.9536098763,10662.924509406535
New Mexico,New York,3306207.5,135130.8,2874056.918864073,12172.47636224784
New Mexico,North Carolina,2827400.9,112987.9,2455949.367639351,10401.66791000196
New Mexico,North Dakota,1776060.8,71145.6,1317732.7755857103,5580.98587306889
New Mexico,Ohio,2327829.2,93232.9,2088836.9524057452,8846.838857247863
New Mexico,Oklahoma,860874.7,33541.5,768524.8433132399,3254.9287481501924
New Mexico,Oregon,2312508.0,95531.1,1762620.5678900757,7465.216522828556
New Mexico,Pennsylvania,2919362.0,118727.3,2602897.534808745,11024.03661801351
New Mexico,Rhode Island,3512634.5,143816.9,3063510.9665971543,12974.869976176184
New Mexico,South Carolina,2564450.9,101673.8,2292523.0857542423,9709.509539665027
New Mexico,South Dakota,1474516.4,58350.1,1092147.8023395506,4625.56716284986
New Mexico,Tennessee,1951507.6,76389.6,1727930.0150069112,7318.291828264566
New Mexico,Texas,1103875.9,45409.4,989922.2852469508,4192.612031634145
New Mexico,Utah,1009379.6,44610.6,771260.2401950363,3266.5139584730946
New Mexico,Vermont,3523191.6,146834.8,2990591.6806722926,12666.035353435593
New Mexico,Virginia,2938054.8,116689.8,2568070.617360801,10876.53437941045
New Mexico,Washington,2408803.4,99004.9,1881248.1343400232,7967.639157204804
New Mexico,West Virginia,2468536.9,98664.2,2190382.660557416,9276.914797654938
New Mexico,Wisconsin,1976421.0,84557.5,1660657.4250807674,7033.372623871485
New Mexico,Wyoming,790504.0,30979.9,625819.5522538961,2650.5298683694427
New York,North Carolina,1004511.8,45626.0,875757.5349531563,3709.0907362721914
New York,North Dakota,2664373.4,110351.1,2162637.1641388866,9159.404459882342
New York,Ohio,980861.7,42205.4,817297.271103625,3461.494324674177
New York,Oklahoma,2452560.4,101888.6,2201908.221290531,9325.728937230484
New York,Oregon,4780790.8,190227.4,3893168.2636807878,16488.712646177453
New York,Pennsylvania,467649.9,20871.5,379105.24275734334,1605.6222046193363
New York,Rhode Island,262399.8,11640.4,226224.66723912864,958.1280024245449
New York,South Carolina,1360528.6,59086.6,1159159.0430774218,4909.379476563198
New York,South Dakota,2592483.3,106927.0,2132230.281172602,9030.622367319256
New York,Tennessee,1590118.1,67631.1,1337291.6071865987,5663.8232774961825
New York,Texas,2968679.3,122012.4,2536102.545327191,10741.140191973986
New York,Utah,3544781.1,141991.7,3146575.9436410377,13326.67458483263
New York,Vermont,272885.1,13966.8,190215.88149999897,805.6202039999956
New York,Virginia,756783.3,34411.8,655099.4661203903,2774.538915333418
New York,Washington,4679736.6,188851.6,3834646.8255389864,16240.857143459236
New York,West Virginia,1044866.5,44310.4,817897.481965334,3464.036394206121
New York,Wisconsin,1557618.7,67270.4,1263503.3579116703,5351.308339390604
New York,Wyoming,2839706.2,115917.4,2556102.751549055,10825.846947737175
North Carolina,North Dakota,2633349.3,109521.8,2185899.3772615558,9257.926774284237
North Carolina,Ohio,758628.1,33499.0,582494.0864593637,2467.0337779455404
North Carolina,Oklahoma,1967098.0,79627.4,1698434.3759099196,7193.369121500837
North Carolina,Oregon,4642414.5,186438.5,3825924.0972551727,16203.913823668967
North Carolina,Pennsylvania,599503.4,27656.9,511405.51521177427,2165.952770308691
North Carolina,Rhode Island,1067774.5,49275.4,911110.5017882598,3858.820948750277
North Carolina,South Carolina,363012.4,15400.1,292354.1210368495,1238.2056890972449
North Carolina,South Dakota,2556253.5,104802.3,2049258.4764948578,8679.212371037045
North Carolina,Tennessee,875559.4,36760.1,728892.8569720036,3087.075629528486
North Carolina,Texas,2136536.7,88797.5,1866387.6879366718,7904.700795967081
North Carolina,Utah,3406404.8,138202.8,2927923.981803539,12400.619217050284
North Carolina,Vermont,1281932.4,58513.4,1065970.176383254,4514.697217623193
North Carolina,Virginia,247485.9,11410.6,223335.23884125205,945.8904233276558
North Carolina,Washington,4643506.8,186726.9,3822301.325542778,16188.570319945882
North Carolina,West Virginia,499583.7,21833.5,372616.66717761924,1578.1411786346227
North Carolina,Wisconsin,1526594.6,66441.1,1211202.4714683525,5129.798702689493
North Carolina,Wyoming,2701329.9,112128.5,2329362.67917016,9865.536052955971
North Dakota,Ohio,1923824.4,77714.7,1622428.1968301525,6871.4605983394695
North Dakota,Oklahoma,1576398.3,64104.5,1292231.504262201,5472.980488639911
North Dakota,Oregon,2176444.0,84520.8,1730631.4031541683,7329.733001594123
North Dakota,Pennsylvania,2404291.4,97288.0,2050793.2220447888,8685.712469836752
North Dakota,Rhode Island,2901092.7,119338.7,2386909.6489484273,10109.264395546279
North Dakota,South Carolina,2607791.6,107640.0,2185707.587168022,9257.11448682927
North Dakota,South Dakota,337603.5,14355.9,268155.4384833487,1135.7171512235946
North Dakota,Tennessee,2067220.6,83521.3,1644460.7027879725,6964.774741219649
North Dakota,Texas,2193703.5,88032.9,1862365.2671743494,7887.664660973715
North Dakota,Utah,1494107.4,59694.1,1118875.7025255945,4738.767681284871
North Dakota,Vermont,2874050.6,119934.1,2203495.1003144598,9332.449836625947
North Dakota,Virginia,2582507.5,106678.5,2177434.836345849,9222.076953935359
North Dakota,Washington,2051895.5,79007.7,1678839.061225854,7110.37720048597
North Dakota,West Virginia,2130437.4,86992.7,1818227.195947288,7700.726947541455
North Dakota,Wisconsin,1119456.4,44519.6,983172.5043101476,4164.024724137095
North Dakota,Wyoming,988783.5,40430.2,704031.7782956568,2981.7816492521933
Ohio,Oklahoma,1474598.4,60025.4,1389629.2072976488,5885.488407378277
Ohio,Oregon,3961542.5,156159.1,3301362.711238646,13982.242071128383
Ohio,Pennsylvania,593358.1,25975.4,514189.7067161493,2177.7446402095734
Ohio,Rhode Island,1187712.5,51022.3,982951.2746697308,4163.087751542389
Ohio,South Carolina,833397.2,36801.0,691025.6483798748,2926.696863726528
Ohio,South Dakota,1850213.9,73771.3,1510197.2767753561,6396.129642813274
Ohio,Tennessee,608765.8,25615.6,549624.2946823919,2327.820542184248
Ohio,Texas,1987327.1,79996.9,1726745.563887084,7313.2753294041195
Ohio,Utah,2725532.8,107923.4,2453492.2567501217,10391.261322706398
Ohio,Vermont,1198269.6,54040.2,971057.7652024408,4112.715240857396
Ohio,Virginia,764471.3,32959.4,556902.974120683,2358.647890393481
Ohio,Washington,3937467.2,155695.9,3281748.864319839,13899.17166064873
Ohio,West Virginia,255547.5,11848.7,212536.17638706474,900.153217639333
Ohio,Wisconsin,754635.7,35322.5,639695.448727134,2709.2983710796266
Ohio,Wyoming,2020458.0,81849.1,1850861.1818080088,7838.941475892742
Oklahoma,Oregon,3149615.5,120994.8,2390654.6780043924,10125.125695077426
Oklahoma,Pennsylvania,2066432.6,85582.0,1895136.5220549488,8026.460563997431
Oklahoma,Rhode Island,2659705.2,110671.6,2372251.1208488415,10047.181217712741
Oklahoma,South Carolina,1705132.0,68454.6,1524784.0358640486,6457.908857777148
Oklahoma,South Dakota,1265920.3,50306.5,1025354.8994797352,4342.679574267114
Oklahoma,Tennessee,1092188.7,43170.4,969881.8805949938,4107.735023696445
Oklahoma,Texas,623160.7,24397.8,578094.9610553716,2448.4021879992206
Oklahoma,Utah,1913605.8,72759.1,1391594.2526314398,5893.8109523213925
Oklahoma,Vermont,2670262.3,113689.5,2340391.7070808304,9912.247229989398
Oklahoma,Virginia,2078735.8,83470.6,1825535.746012753,7731.680806642248
Oklahoma,Washington,3245910.9,124468.6,2461420.696930408,10424.840598764082
Oklahoma,West Virginia,1615607.6,65518.9,1459717.4371812798,6182.332675120714
Oklahoma,Wisconsin,1326907.6,54364.8,1115970.461622848,4726.463131579121
Oklahoma,Wyoming,1237078.6,47020.0,897610.5145021915,3801.644532009281
Oregon,Pennsylvania,4528351.9,178022.9,3764062.476045982,15941.911663253572
Oregon,Rhode Island,5025153.2,200073.6,4117146.744043993,17437.327386539262
Oregon,South Carolina,4575877.6,181311.2,3759210.5541015333,15921.362346782968
Oregon,South Dakota,2253503.5,91458.1,1792241.8099890868,7590.671195247896
Oregon,Tennessee,3868628.4,151449.4,3172404.3063559122,13436.065297507394
Oregon,Texas,3375960.6,138817.4,2749145.421575852,11643.43943255655
Oregon,Utah,1307507.0,51352.1,1007673.0089370515,4267.791567262807
Oregon,Vermont,4996137.7,200402.6,3931489.6083069425,16651.01481165293
Oregon,Virginia,4696594.1,185769.3,3856288.882275404,16332.517619048771
Oregon,Washington,256476.2,11453.1,229180.99292409178,970.6489112079181
Oregon,West Virginia,4187670.3,164658.6,3477574.9508545343,14728.552733030967
Oregon,Wisconsin,3258054.3,128755.8,2679510.0426022024,11348.513121609327
Oregon,Wyoming,1946389.4,74752.7,1532630.5753869566,6491.141260462404
Pennsylvania,Rhode Island,561361.0,26287.3,485986.78929445846,2058.296989953001
Pennsylvania,South Carolina,924460.2,39502.6,785586.0719576265,3327.1880694675947
Pennsylvania,South Dakota,2337069.8,94467.4,1974805.7468540163,8363.883163146422
Pennsylvania,Tennessee,1157986.7,47823.3,984170.7924179847,4168.252767887935
Pennsylvania,Texas,2539741.5,102300.1,2187170.776774501,9263.311525162591
Pennsylvania,Utah,3289367.6,129532.1,2950574.9924912634,12496.552909374763
Pennsylvania,Vermont,741871.7,34640.3,566637.8490517768,2399.8779489251724
Pennsylvania,Virginia,352683.8,16553.5,304261.0182741088,1288.6349009256373
Pennsylvania,Washington,4424323.1,176392.0,3728091.3131894344,15789.563208802312
Pennsylvania,West Virginia,579264.2,24497.1,456570.8896258626,1933.7120031213003
Pennsylvania,Wisconsin,1302205.3,54810.8,1085472.2147174198,4597.294085862013
Pennsylvania,Wyoming,2584292.7,103457.8,2349740.518683778,9951.842196778354
Rhode Island,South Carolina,1430180.0,63077.7,1203333.9294350825,5096.473112901525
Rhode Island,South Dakota,2834737.4,116607.9,2351308.704984331,9958.483926992461
Rhode Island,Tennessee,1715411.4,73455.3,1469983.668260285,6225.813183220031
Rhode Island,Texas,3097166.2,127932.1,2672893.6560838586,11320.490778708108
Rhode Island,Utah,3787035.2,151672.6,3360035.375908229,14230.738062670147
Rhode Island,Vermont,340910.2,15615.4,290027.5069520441,1228.3517941498337
Rhode Island,Virginia,826434.8,38402.9,689813.3499564425,2921.562423344933
Rhode Island,Washington,4921990.7,198532.5,4060121.7139615435,17195.80961207242
Rhode Island,West Virginia,1146869.8,50207.0,942209.6845323163,3990.53513448981
Rhode Island,Wisconsin,1799872.9,76951.3,1475818.2554374544,6250.524375970395
Rhode Island,Wyoming,3081960.3,125598.3,2766403.0466189412,11716.530550386104
South Carolina,South Dakota,2532042.1,103349.5,2017971.6089391753,8546.70328491886
South Carolina,Tennessee,709970.4,30244.6,589707.8043438914,2497.5859948682464
South Carolina,Texas,1823738.4,74791.4,1624008.7630445585,6878.154761129895
South Carolina,Utah,3333137.2,133392.1,2824282.127328605,11961.665480450563
South Carolina,Vermont,1638533.0,71941.3,1349027.7487209407,5713.529288700454
South Carolina,Virginia,596468.5,24958.3,514227.4832877131,2177.9046351009024
South Carolina,Washington,4665442.4,185101.6,3773956.256374601,15983.814732880663
South Carolina,West Virginia,573562.3,25115.8,492477.6661544334,2085.7877625364235
South Carolina,Wisconsin,1506342.1,65278.2,1249862.0813995223,5293.533521221507
South Carolina,Wyoming,2628062.4,107317.8,2237279.735981501,9475.537705333418
South Dakota,Tennessee,1834272.5,73362.2,1453929.8341609326,6157.820474093362
South Dakota,Texas,1883020.6,74138.4,1594306.264167294,6752.355942355597
South Dakota,Utah,1322449.9,52903.5,1036087.4372604837,4388.1350283973425
South Dakota,Vermont,2801615.8,116558.6,2196031.333712724,9300.838589842126
South Dakota,Virginia,2510072.7,103303.0,2066312.6379239983,8751.441760619287
South Dakota,Washington,2129490.6,85740.1,1774168.8305552844,7514.126811763556
South Dakota,West Virginia,2057254.9,83150.5,1691810.1000603193,7165.313364961352
South Dakota,Wisconsin,1047021.5,41144.1,889350.5127748923,3766.6609952818967
South Dakota,Wyoming,679465.5,29060.6,514864.9808769693,2180.6046248906932
Tennessee,Texas,1382227.3,54718.4,1203011.6330184266,5095.108092783925
Tennessee,Utah,2626351.9,103576.7,2234875.60077187,9465.355485622038
Tennessee,Vermont,1808529.1,79793.6,1505004.622010713,6374.137222633608
Tennessee,Virginia,986990.9,40528.4,863545.5626098319,3657.3694416416415
Tennessee,Washington,3958657.1,155286.2,3192611.964946533,13521.650675067669
Tennessee,West Virginia,625278.8,25793.5,527799.4943306671,2235.3860936357664
Tennessee,Wisconsin,969500.9,41472.2,801475.4209449411,3394.4841357668097
Tennessee,Wyoming,1921277.0,77502.4,1647869.7944405938,6979.213247042515
Texas,Utah,2070031.7,87946.0,1746606.6792872064,7397.392994628169
Texas,Vermont,3186433.2,134092.9,2697245.0513453637,11423.626099815658
Texas,Virginia,2367769.7,94983.1,2041977.298056831,8648.37443882893
Texas,Washington,3469455.5,142340.3,2856385.013678499,12097.630646167761
Texas,West Virginia,2003182.9,80092.8,1730693.123665747,7329.994406113752
Texas,Wisconsin,1944110.9,78244.0,1617946.477511848,6852.47919887371
Texas,Wyoming,1637856.6,66062.2,1377795.7533835128,5835.37024962429
Utah,Vermont,3757041.1,152289.7,3222569.1624575607,13648.528217467316
Utah,Virginia,3457497.5,137656.4,2991363.574142285,12669.304549308501
Utah,Washington,1403732.8,54894.6,1111394.368138516,4707.082029763126
Utah,West Virginia,2948573.7,116545.7,2604722.3338725697,11031.765178754413
Utah,Wisconsin,2167411.2,85270.1,1884221.12414798,7980.230643450269
Utah,Wyoming,707292.8,26639.8,602838.6680619223,2553.199064732848
Vermont,Virginia,1039727.3,47566.9,845115.3706058062,3579.3121578598852
Vermont,Washington,4894200.7,199031.5,3861657.597144864,16355.255705554719
Vermont,West Virginia,1320327.9,58047.6,993734.6717943073,4208.75860995236
Vermont,Wisconsin,1772082.8,77450.3,1352004.4903454098,5726.136664992324
Vermont,Wyoming,3052704.7,125900.0,2640762.650552135,11184.406519985512
Virginia,Washington,4603918.0,185947.0,3838574.923287616,16257.493792747551
Virginia,West Virginia,509515.9,21247.5,386951.55024742556,1638.8536245773319
Virginia,Wisconsin,1481800.1,64365.8,1194292.8631241117,5058.181537937414
Virginia,Wyoming,2749031.8,111697.7,2388905.523791372,10117.717512528163
Washington,West Virginia,4143933.5,165191.1,3465939.63906369,14679.273765446216
Washington,Wisconsin,3133700.2,123184.7,2649915.5047560288,11223.171549554945
Washington,Wyoming,2043167.2,78217.7,1578662.1421510319,6686.0984844043705
West Virginia,Wisconsin,1027159.3,44723.9,839862.7687835802,3557.0658442598688
West Virginia,Wyoming,2239664.3,90566.5,2002434.523384674,8480.899157864502
Wisconsin,Wyoming,1462919.9,58968.4,1292739.8265642955,5475.13338309584
