region,barrels,barrels-per-capita,biodiesel,biomass,btu,btu-biofuels,btu-coal,btu-crude-oil,btu-natural-gas,btu-nuclear-electric-power,btu-other-renewables,btu-per-capita,btu-total-primary-energy,btu-total-renewables,btu-wood-and-waste,cdd,co2-co2-co2-per-billion-btu,co2-co2-co2-per-million-dollars,co2-co2-per-capita,co2-co2-total-co2,coal,coal-expenditures,coal-prices,commercial,commercial-sector,crude-oil,cubic-feet,cubic-feet-per-capita,current-dollar-gdp,electric-power,electricity-expenditures,electricity-prices,expenditures,expenditures-per-capita,fuel-ethanol,gdp-energy-consumption-per-real-gdp,gdp-expenditures,gdp-expenditures-per-capita,gdp-expenditures-per-gdp,gdp-prices,gdp-real-gdp,gdp-total-consumption,geothermal,hdd,hydropower,industrial,industrial-sector,natural-gas,natural-gas-expenditures,natural-gas-prices,nuclear,nuclear-electric-power,petroleum,petroleum-expenditures,petroleum-prices,prices,real-gdp,renewable-diesel,residential,residential-per-capita,residential-sector,solar-energy,total,total-consumption,total-per-capita,total-population,total-renewable-energy,transportation,transportation-sector,wind-energy
AK,47666.0,64.7,0.0,3404.0,359239.0,0.0,15496.0,884440.0,410727.0,0.0,6683.0,487.75,1320750.0,10087.0,3404.0,19.0,57.8,798.3,58.6,43.2,6474.933333333333,101.4,5.51,2.3,14545.3625,155465.0,448985.0,609.6,68056.0,2.9,1275.8,62.84,1330.0,1805.9,0.0,13.82,8952.9,12155.9,13.16,23.84,54059.7,746978.0,186.0,10902.0,6051.0,21.5,109901.5375,271945.3,1009.3,8.26,0.0,0.0,135204.75,6952.9,27.1,42.16,54059.7,0.0,1026.35,2784.0,12458.7575,67.0,3017.6279999999997,373996.1,8180.0,737.0,10087.0,14.7,52354.49,380.0
AL,113026.0,22.1,391.0,189040.0,686053.5,8690.0,303503.0,20429.0,92525.0,476392.0,33149.0,134.05,1103247.0,210398.0,168559.0,2061.0,44.6,411.8,19.7,101.0,78996.83333333333,771.0,3.43,2.1,60397.560000000005,3591.0,753153.0,147.2,304935.6,43.5,9714.9,33.68,9701.9,1895.8,0.0,7.58,27399.7,5353.9,8.99,21.11,245354.7,1860171.0,141.0,2144.0,28762.0,17.4,190895.66,287726.1666666667,3323.1,4.56,476392.0,45579.0,282896.5,15214.7,26.0,25.62,245354.7,1195.0,15705.9,6137.0,81338.7275,4246.0,22500.561999999998,930267.25,16586.0,5118.0,222189.0,36.2,139377.9925,0.0
AR,64323.0,21.0,1466.0,71311.0,371430.5,7964.0,0.0,25316.0,399132.0,156492.0,15966.0,121.0,671299.0,90359.0,66429.0,1936.0,52.5,422.8,19.7,60.4,60093.1,404.2,2.24,3.4,42966.317500000005,4450.0,390201.0,127.1,178606.4,27.4,4720.4,28.57,4758.0,1550.1,0.0,7.35,15814.2,5152.1,8.85,21.76,142860.6,1049897.0,808.0,2867.0,11017.0,8.4,96743.49,263040.63333333336,2660.8,6.94,156492.0,14972.0,163743.6,8807.6,26.34,25.92,142860.6,0.0,9187.9,5986.0,53089.1775,4141.0,12921.152,525119.5,15849.0,3069.0,87277.0,19.4,73736.56,0.0
AZ,118170.0,15.8,0.0,36572.0,581856.0,0.0,0.0,40.0,30.0,329474.0,71873.0,77.85,411139.0,81595.0,9722.0,3175.0,48.5,196.4,11.1,83.0,45966.06666666667,428.3,3.11,3.4,87388.2925,7.0,523029.0,70.0,522767.2,34.5,10471.0,35.72,12139.5,1624.4,0.0,3.61,31328.0,4192.1,5.99,30.28,422399.6,1526567.0,345.0,2062.0,20258.0,4.6,54529.85,179069.46666666667,3266.8,6.29,329474.0,31523.0,299876.7,19311.1,30.82,33.92,422399.6,0.0,19497.4,5218.0,103899.845,45356.0,23488.656,763385.65,11497.0,7473.0,108445.0,37.7,143735.86500000002,5914.0
CA,648296.0,16.5,1134.0,612607.0,2823477.0,67163.0,0.0,673157.0,148926.0,185192.0,452572.0,72.05,1641594.0,634319.0,114583.0,866.0,50.3,99.8,8.3,324.3,9582.933333333332,146.6,5.1,20.5,298063.9875,118326.0,2085259.0,53.2,3870378.9,34.7,59189.0,73.04,61287.5,1563.5,1506.0,2.1,195099.6,4977.2,5.04,35.72,3248656.6,6816746.0,40578.0,3085.0,110485.0,60.9,369311.2825,761782.8333333334,27338.0,14.06,185192.0,17718.0,1498188.55,113651.0,34.52,38.64,3248656.6,9547.0,41423.95,2113.0,300546.91,253676.0,87052.784,3408459.95,6109.0,39199.0,1065179.0,181.3,785121.62,47833.0
CO,100469.0,17.0,0.0,35513.0,532001.5,19666.0,256169.0,948868.0,2245754.0,0.0,79549.0,90.15,3559311.0,108520.0,9305.0,298.0,60.5,188.2,13.9,82.2,72405.53333333334,436.3,2.13,4.6,61890.560000000005,166790.0,505461.0,85.7,529626.5,27.0,6510.1,34.53,8376.9,1419.5,3462.0,3.13,24276.9,4113.8,4.58,23.85,437056.0,1368260.0,759.0,7282.0,5447.0,11.8,90166.095,783752.4666666667,3595.7,8.09,0.0,0.0,257104.6,14742.2,28.11,29.83,437056.0,0.0,10003.65,3389.0,81263.09,18440.0,16006.230000000001,684245.95,9416.0,5901.0,115061.0,30.5,114895.35250000001,54903.0
CT,58778.0,16.1,695.0,40711.0,307730.0,3776.0,0.0,0.0,0.0,142873.0,8271.0,84.45,177908.0,35034.0,22987.0,631.0,45.8,126.2,9.9,36.2,0.0,0.0,0.0,4.2,44528.780000000006,0.0,296042.0,81.3,345911.9,9.2,6468.0,71.04,5039.7,1383.4,0.0,2.4,17229.2,4729.4,4.98,32.32,286628.4,688978.0,21.0,5057.0,1588.0,1.5,16745.1375,101646.7,2385.4,7.98,142873.0,13669.0,146442.05,8977.3,28.91,29.78,286628.4,0.0,6279.9,3446.0,59002.625,6629.0,8803.784,344583.55,7325.0,3643.0,48981.0,14.4,56353.085,34.0
DC,3420.0,5.0,0.0,1984.0,22249.0,0.0,0.0,0.0,0.0,0.0,811.0,32.400000000000006,1825.0,1825.0,1014.0,1489.0,53.0,16.8,3.6,2.5,0.0,0.0,0.0,0.9,20529.8975,0.0,25398.0,37.0,176501.7,0.0,1630.1,48.36,372.6,542.1,0.0,0.93,2545.6,3703.7,1.44,32.28,146024.3,135231.0,22.0,3272.0,0.0,0.0,1096.7075,8745.800000000001,384.7,14.87,0.0,0.0,8646.55,529.8,29.01,30.61,146024.3,0.0,1186.3,3451.0,8425.6175,790.0,2492.576,67713.9,14374.0,687.0,2795.0,1.0,4470.6725,0.0
DE,21519.0,20.8,0.0,6383.0,99916.5,0.0,0.0,0.0,0.0,0.0,1658.0,96.4,3315.0,3315.0,1658.0,1077.0,59.8,156.0,11.7,12.2,112.66666666666667,1.2,3.55,0.8,12600.12,0.0,81691.0,78.8,98068.7,1.5,1398.0,38.09,1743.0,1681.8,0.0,3.44,4644.2,4480.9,4.74,26.7,78014.4,268494.0,430.0,3843.0,0.0,3.6,19884.282499999998,28130.466666666664,682.5,9.57,0.0,0.0,55364.35,2621.8,28.02,29.1,78014.4,0.0,2466.45,4759.0,15132.92,1213.0,3155.46,134376.55,10692.0,1036.0,8041.0,5.4,20758.295,14.0
FL,362207.0,15.8,37.0,187267.0,1797984.5,202.0,0.0,5814.0,727.0,312935.0,99040.0,78.5,531607.0,212130.0,112889.0,4031.0,54.1,177.5,10.0,229.5,43133.13333333333,446.0,3.45,6.5,231412.82749999998,1022.0,1634682.0,71.4,1600810.6,89.5,33953.4,39.66,30149.4,1316.3,0.0,3.33,85758.5,3744.1,5.36,28.12,1292787.6,4301743.0,10056.0,429.0,765.0,11.6,112510.05750000001,558152.4333333333,8064.6,4.87,312935.0,29940.0,917761.4,49435.2,25.72,26.69,1292787.6,0.0,67903.2,5929.0,298576.9625,88219.0,67437.124,2150965.4,10956.0,22905.0,286306.0,120.4,454451.45249999996,0.0
GA,194450.0,17.6,3.0,253485.0,907980.0,18.0,0.0,0.0,0.0,390663.0,37977.0,82.05000000000001,660624.0,269961.0,231967.0,1738.0,47.9,185.4,11.4,125.7,59179.333333333336,806.0,4.54,4.4,136848.3175,0.0,766256.0,69.3,831827.7,39.9,15710.9,32.42,15520.9,1402.8,0.0,4.19,46199.0,4175.5,5.55,22.97,678201.2,2838817.0,315.0,2292.0,9799.0,12.0,179468.635,262467.43333333335,5076.1,6.51,390663.0,37377.0,490306.7,26205.3,25.49,25.53,678201.2,0.0,29209.55,5279.0,168645.5425,27863.0,37700.474,1419536.8,12837.0,11064.0,291462.0,62.4,236380.515,0.0
HI,45279.0,31.4,143.0,8914.0,129788.5,776.0,0.0,0.0,0.0,0.0,12132.0,90.05,17524.0,17524.0,4616.0,4755.0,66.1,203.6,12.5,18.0,0.0,0.0,0.0,0.4,9271.8825,0.0,2983.0,2.1,110265.4,5.3,3431.0,113.17,2126.5,1475.3,0.0,3.08,8580.3,5952.8,7.78,40.33,88614.3,272874.0,665.0,0.0,318.0,0.9,12111.7075,50.666666666666664,126.2,46.08,0.0,0.0,125847.0,6455.8,26.02,42.17,88614.3,0.0,1346.5,1868.0,7690.679999999999,8985.0,3516.726,136531.65,6194.0,1441.0,21046.0,11.4,41625.9525,2164.0
IA,86772.0,27.0,8333.0,265747.0,450226.5,611541.0,0.0,0.0,0.0,0.0,149054.0,139.9,782941.0,782941.0,22345.0,907.0,46.4,336.8,21.1,68.0,67098.43333333333,356.5,1.77,3.6,35652.8275,0.0,441932.0,137.3,254032.0,19.3,5122.4,27.6,5010.2,1556.7,99690.0,6.96,18997.8,5902.8,7.48,18.09,202051.4,1405284.0,1281.0,6068.0,3235.0,21.1,199869.1425,148900.03333333333,3197.2,6.89,0.0,0.0,202098.85,10797.2,25.25,27.53,202051.4,0.0,7293.3,4531.0,44458.93,3146.0,14710.378,702860.3,16903.0,3218.0,414801.0,19.5,76218.77249999999,141392.0
ID,37091.0,18.8,0.0,35074.0,175526.5,6146.0,0.0,188.0,2554.0,0.0,42053.0,89.05,76920.0,74178.0,25979.0,574.0,50.5,222.3,10.8,21.3,381.3666666666666,5.0,4.38,1.6,19358.6875,33.0,150716.0,76.5,120958.3,2.5,2331.3,26.61,3152.5,1599.3,1082.0,5.27,9212.4,4673.7,7.62,22.77,95897.9,505344.0,1804.0,6898.0,28585.0,3.3,36450.729999999996,52189.03333333333,1105.2,7.53,0.0,0.0,94783.05,5977.7,30.46,31.39,95897.9,0.0,4897.65,4968.0,28984.4975,3749.0,6990.353999999999,252800.2,13025.0,1971.0,77128.0,11.6,43930.2675,7915.0
IL,226607.0,17.9,4046.0,155910.0,1149240.5,231899.0,796247.0,39209.0,2741.0,1019691.0,89793.0,90.9,2201058.0,343170.0,21478.0,881.0,43.4,188.2,13.2,166.6,126581.90000000001,998.5,2.91,13.6,173422.8175,6892.0,1068470.0,84.5,1098346.1,37.8,15062.7,34.71,13924.3,1101.4,36955.0,3.94,52051.8,4117.3,4.74,21.6,885651.3,3486989.0,2042.0,5320.0,314.0,33.9,272372.5325,367903.23333333334,8646.4,8.25,1019691.0,97559.0,567268.65,28483.3,26.65,28.01,885651.3,0.0,21670.8,3427.0,209849.1,13028.0,36596.92,1743632.4,10329.0,12642.0,245703.0,59.8,229205.535,74409.0
IN,135522.0,19.7,2087.0,128816.0,825947.0,181488.0,539129.0,8704.0,4013.0,0.0,44075.0,120.0,808997.0,257150.0,31588.0,836.0,64.0,380.6,22.4,153.9,212457.7666666667,2541.4,4.14,5.7,84472.805,1530.0,881818.0,128.2,499503.1,59.2,10908.4,33.83,9758.1,1418.3,29954.0,6.32,35241.9,5122.3,7.06,19.87,404290.3,2555897.0,4647.0,4821.0,1582.0,42.9,299919.43,308562.63333333336,5609.7,6.28,0.0,0.0,347878.35,18348.1,27.27,27.07,404290.3,0.0,15873.35,4613.0,117563.1775,7669.0,26312.914,1278134.25,13953.0,6880.0,172891.0,38.3,145944.17,30177.0
KS,66298.0,22.5,1967.0,45449.0,335235.0,88491.0,0.0,157420.0,160886.0,107675.0,94820.0,113.55000000000001,614156.0,188174.0,4863.0,1601.0,53.2,314.7,19.6,57.8,61543.9,317.9,1.72,2.8,43344.055,27671.0,301200.0,102.0,228232.4,19.7,4348.5,31.92,4210.8,1426.7,12232.0,5.3,15089.1,5112.3,6.61,22.19,183795.6,973356.0,974.0,4373.0,46.0,13.2,88607.0075,148782.03333333333,2141.8,8.14,107675.0,10302.0,172915.55,8722.7,27.39,27.35,183795.6,1515.0,6909.35,4681.0,44830.5375,745.0,11255.778,486842.9,13909.0,2952.0,140268.0,18.5,70434.17000000001,93054.0
KY,116538.0,25.6,1251.0,55351.0,488678.5,11471.0,677470.0,10673.0,102640.0,0.0,17252.0,107.35,850473.0,59690.0,30967.0,1163.0,69.5,467.1,23.0,104.8,170024.4,1265.3,2.63,2.6,60060.127499999995,1876.0,350857.0,77.1,279707.5,50.7,7035.6,29.33,7305.1,1605.3,823.0,7.18,23471.2,5157.8,8.39,22.24,224418.0,1611130.0,2712.0,3681.0,13493.0,15.0,144697.9125,153330.76666666666,1971.6,6.15,0.0,0.0,292380.7,14690.9,25.58,27.99,224418.0,0.0,12277.85,5395.0,75420.27,1047.0,18985.208,805742.0,15651.0,4551.0,72603.0,33.8,128583.515,0.0
LA,383507.0,83.6,0.0,132613.0,1872007.5,123092.0,4326.0,194672.0,4423567.0,127634.0,6369.0,408.0,4997731.0,247532.0,118071.0,3235.0,46.0,739.5,40.1,183.8,19506.2,196.2,3.37,2.1,56682.442500000005,34219.0,2069896.0,451.1,314988.6,26.3,7959.7,27.03,6689.0,1457.9,0.0,16.76,34997.0,7627.8,11.11,12.42,248615.5,4166787.0,1842.0,1260.0,2414.0,106.8,732330.9725,2127263.966666667,5929.6,3.94,127634.0,12211.0,810055.2,21954.9,16.56,25.75,248615.5,22405.0,15874.3,6919.0,71036.33,2113.0,26150.204,2083847.6,20787.0,4588.0,138982.0,47.0,190645.7825,0.0
MA,103546.0,14.7,24.0,56272.0,468238.5,129.0,0.0,0.0,0.0,0.0,25288.0,66.3,57820.0,57820.0,32402.0,562.0,57.2,92.3,8.0,56.8,0.0,0.0,0.0,7.5,90979.155,0.0,375692.0,53.2,736296.3,6.0,11606.5,68.02,8759.4,1239.6,0.0,2.08,31847.6,4506.8,4.33,31.73,615504.5,1282732.0,859.0,5284.0,3976.0,3.1,32607.515,128988.8,5421.8,14.31,0.0,0.0,262841.75,15570.1,28.33,29.38,615504.5,0.0,9688.85,2740.0,95304.0025,19833.0,16400.985999999997,641456.75,7077.0,7067.0,81559.0,28.5,109831.01,620.0
MD,86666.0,13.9,0.0,37140.0,379146.5,0.0,30335.0,0.0,3.0,156610.0,16571.0,60.95,217026.0,30078.0,13507.0,1105.0,49.9,115.0,7.8,48.6,10541.966666666667,106.0,3.49,5.0,85835.0875,0.0,293432.0,47.2,515607.3,8.3,8179.1,42.03,8621.5,1386.7,0.0,2.8,23652.7,3804.5,4.59,28.85,422866.3,1182581.0,570.0,3827.0,6309.0,2.5,21140.8025,101562.7,2688.5,9.71,156610.0,14984.0,214906.85,13029.8,28.74,29.24,422866.3,0.0,13056.65,4199.0,86970.4725,8049.0,16162.35,591385.6,9174.0,6217.0,53711.0,27.5,107686.80249999999,1643.0
ME,35171.0,25.1,12.0,64238.0,122432.0,65.0,0.0,0.0,0.0,0.0,25206.0,87.45,82781.0,82781.0,57510.0,289.0,46.5,207.5,11.1,15.6,431.7,7.0,5.4,1.8,14529.117499999998,0.0,58584.0,41.9,93270.0,1.6,2362.3,61.08,2513.4,1795.7,0.0,4.37,8144.0,5818.6,8.73,28.75,75195.4,328596.0,72.0,6926.0,13074.0,1.4,18917.855000000003,20349.399999999998,583.6,9.94,0.0,0.0,88551.65,5271.3,28.68,29.6,75195.4,0.0,2460.9,3514.0,20424.77,4080.0,3907.9900000000002,164415.4,8099.0,1400.0,89444.0,7.9,30400.3475,7980.0
MI,163460.0,16.2,340.0,154360.0,978062.5,46680.0,0.0,27501.0,72824.0,292615.0,44098.0,97.0,580412.0,187472.0,96694.0,532.0,52.3,254.6,14.0,141.1,95839.13333333335,978.8,3.4,10.6,135407.6925,4834.0,1048447.0,104.0,673818.1,47.5,13315.2,40.17,14084.1,1396.8,7893.0,4.59,41957.0,4161.0,6.23,22.37,554256.2,2543241.0,5193.0,5867.0,4760.0,17.9,161202.4725,390808.0,7381.8,6.89,292615.0,27996.0,405422.35,21904.8,26.21,27.36,554256.2,0.0,16276.1,3226.0,169175.0925,5851.0,27970.114,1271746.6,9678.0,10083.0,198459.0,47.0,180599.34000000003,28294.0
MN,115427.0,20.1,1796.0,162640.0,572720.0,192204.0,0.0,0.0,0.0,124626.0,61224.0,99.55000000000001,428651.0,304025.0,50598.0,582.0,49.8,206.8,14.0,80.8,49660.76666666666,367.2,2.46,7.1,79090.1825,0.0,506256.0,88.0,483162.1,18.4,7959.5,35.99,8270.2,1437.5,32119.0,4.32,27117.2,4713.5,5.61,22.18,390907.9,1689356.0,1075.0,7809.0,2560.0,16.6,140022.0725,178939.03333333333,4048.5,8.04,124626.0,11924.0,283555.25,15470.5,27.57,28.58,390907.9,0.0,11516.15,4002.0,93299.1125,8462.0,18703.396,844824.8,11510.0,5753.0,223864.0,29.4,116801.8,49127.0
MO,123112.0,19.8,5198.0,61275.0,480106.0,66466.0,3087.0,358.0,0.0,95947.0,29138.0,77.35,210003.0,110610.0,15007.0,1353.0,65.1,291.3,16.4,101.5,147694.46666666667,878.1,1.98,4.3,93338.525,63.0,310002.0,49.9,430114.4,45.6,8370.2,31.87,10369.7,1670.4,6729.0,4.83,28438.9,4581.0,6.61,24.7,348487.4,1681954.0,352.0,4280.0,2679.0,8.3,73896.13,105509.53333333333,3281.5,10.5,95947.0,9180.0,306333.75,16972.0,26.37,26.72,348487.4,0.0,17485.55,5632.0,118841.75499999999,2989.0,21128.52,841112.45,12399.0,6208.0,90412.0,37.2,141613.175,23117.0
MS,73596.0,25.0,563.0,64093.0,512767.0,5506.0,27466.0,71539.0,27937.0,122807.0,3211.0,174.25,313726.0,63977.0,55260.0,2569.0,51.1,533.6,21.7,63.8,17431.933333333334,199.4,4.02,1.5,37953.865,12575.0,613542.0,208.5,151146.7,26.5,5233.1,32.33,5188.2,1762.8,0.0,8.99,15779.3,5361.3,10.44,22.44,119548.4,1074319.0,958.0,1843.0,0.0,10.9,96626.8525,219113.69999999998,2209.2,3.99,122807.0,11750.0,189049.0,9321.4,26.12,25.71,119548.4,446.0,9272.7,6301.0,46835.8675,2253.0,12870.268,537342.0,16452.0,2943.0,67305.0,23.5,91223.6025,0.0
MT,32828.0,29.0,0.0,11496.0,137081.5,18015.0,520661.0,128822.0,45261.0,0.0,46974.0,121.15,767125.0,72382.0,7393.0,235.0,64.4,512.4,26.0,29.4,53047.833333333336,314.7,2.42,1.8,18099.1725,22644.0,91732.0,81.1,73254.5,13.5,1622.9,32.77,2017.4,1783.2,0.0,6.66,6554.8,5794.0,8.95,24.05,57373.3,382218.0,337.0,8204.0,29999.0,4.4,29246.342500000002,45984.700000000004,643.6,8.0,0.0,0.0,86647.45,4295.6,27.82,31.25,57373.3,3279.0,2878.9,5088.0,20316.18,1089.0,4428.530000000001,191277.95,13705.0,1131.0,58470.0,7.9,29637.7575,15548.0
NC,181235.0,16.7,40.0,127660.0,804119.0,216.0,0.0,0.0,0.0,442493.0,59144.0,73.9,614879.0,172386.0,113026.0,1381.0,47.5,174.7,10.2,111.4,51266.23333333334,735.0,4.78,4.9,131642.8025,0.0,641802.0,59.0,788103.2,36.1,14124.7,31.1,16235.1,1492.0,0.0,3.88,42632.6,3918.0,5.41,24.97,638067.3,2472784.0,967.0,2826.0,14417.0,9.4,124990.94,220778.93333333335,4723.1,7.17,442493.0,42336.0,450151.45,25760.9,27.23,27.5,638067.3,0.0,29371.45,5398.0,158637.6325,41955.0,35194.274,1236505.65,12231.0,10881.0,186804.0,56.1,213663.6025,1805.0
ND,32213.0,40.8,1792.0,34539.0,199652.5,102205.0,320145.0,2456032.0,1555143.0,0.0,57615.0,253.05,4491856.0,160536.0,716.0,565.0,67.2,899.6,68.8,54.3,116611.40000000001,595.9,1.83,1.3,29071.215,431716.0,212539.0,269.4,76043.3,26.1,2247.0,23.54,1471.8,1865.3,12978.0,11.66,7314.5,9270.1,9.62,18.15,60348.6,703926.0,978.0,8957.0,7230.0,16.8,97482.55249999999,448688.1333333333,487.5,4.75,0.0,0.0,84659.35,4576.2,27.57,29.23,60348.6,3413.0,2534.1,6422.0,16236.490000000002,12.0,7128.65,352409.05,35742.0,789.0,92154.0,8.9,35262.88,49395.0
NE,45531.0,22.9,0.0,118507.0,225095.5,268796.0,0.0,9358.0,280.0,72391.0,45995.0,113.25,401345.0,319316.0,4525.0,1140.0,52.3,314.6,22.9,45.6,65206.9,260.8,1.33,2.2,34756.455,1645.0,195962.0,98.6,181285.0,18.4,3069.6,26.8,3056.5,1537.6,47321.0,5.79,11410.1,5739.9,6.29,20.47,145019.6,840136.0,1212.0,5798.0,3900.0,9.0,92213.96,68850.56666666667,1534.7,7.62,72391.0,6926.0,116807.6,6837.0,28.08,28.29,145019.6,0.0,5336.7,5368.0,34845.1275,468.0,9018.554,420279.3,16888.0,1988.0,164502.0,13.6,51197.31,40416.0
NH,30142.0,21.5,155.0,31020.0,106742.5,842.0,0.0,0.0,0.0,99658.0,7968.0,76.15,132967.0,33309.0,24499.0,341.0,39.0,145.0,9.7,13.5,612.7333333333333,9.9,5.4,1.4,16258.01,0.0,57685.0,41.1,114100.8,1.9,2440.5,67.28,2372.8,1692.2,0.0,3.16,7266.3,5182.1,6.37,32.28,93466.7,294907.0,29.0,6535.0,5431.0,0.8,9503.417500000001,19864.033333333333,617.2,10.38,99658.0,9535.0,73698.6,4339.4,28.2,28.74,93466.7,0.0,2328.75,3320.0,23298.379999999997,1105.0,3591.3160000000003,147558.65,7582.0,1402.0,38988.0,6.9,26567.905000000002,1404.0
NJ,154007.0,16.4,0.0,55964.0,771872.5,0.0,0.0,0.0,0.0,296162.0,18444.0,82.30000000000001,335370.0,39207.0,20763.0,844.0,48.5,137.4,9.7,91.2,0.0,0.0,0.0,9.5,132764.7725,0.0,694876.0,74.1,806665.2,13.5,10761.9,44.87,12175.9,1298.1,0.0,2.99,36670.7,3909.6,4.55,25.2,663888.5,1982296.0,466.0,4418.0,40.0,9.3,65253.100000000006,240440.0,5471.9,8.0,296162.0,28335.0,393657.6,20909.6,27.0,28.19,663888.5,0.0,14214.4,3029.0,135165.1775,17876.0,21595.06,991253.65,7580.0,9380.0,74408.0,45.0,171634.96,63.0
NM,48572.0,22.9,0.0,17018.0,299504.5,13844.0,147100.0,3786325.0,3634458.0,0.0,63260.0,141.2,7651766.0,83883.0,6778.0,1309.0,56.7,382.4,19.9,42.2,27725.399999999998,270.8,3.6,1.9,25160.1375,665552.0,328541.0,154.9,135009.6,13.6,2669.5,27.87,3082.0,1453.0,0.0,6.17,10335.8,4872.7,7.66,24.66,110323.7,680489.0,490.0,4403.0,368.0,8.9,63223.0175,1165719.1666666667,1022.5,5.33,0.0,0.0,125851.7,6934.2,27.65,26.74,110323.7,2520.0,3669.15,3459.0,25480.525,11514.0,7758.372,340404.9,13364.0,2121.0,80278.0,15.6,58945.27,50888.0
NV,57110.0,17.8,0.0,13774.0,304095.5,323.0,0.0,1172.0,4.0,0.0,61104.0,94.6,65997.0,64821.0,3393.0,2046.0,56.0,201.3,12.2,39.3,9762.266666666666,150.0,5.12,2.5,32455.345,206.0,288665.0,89.8,245978.8,12.2,5006.0,38.36,4942.3,1537.6,0.0,3.53,15825.9,4923.5,6.43,28.58,195405.6,689433.0,15709.0,3699.0,4500.0,3.1,35170.8575,100558.3,2942.4,9.89,0.0,0.0,148087.8,9188.9,29.99,35.31,195405.6,59.0,6756.0,4203.0,39133.28,39902.0,10836.416000000001,344823.75,11900.0,3214.0,74878.0,18.6,69636.515,994.0
NY,261343.0,13.2,0.0,135868.0,1374293.0,7856.0,0.0,1428.0,8482.0,287690.0,137099.0,69.65,516805.0,219205.0,74250.0,628.0,50.4,92.0,8.4,164.9,1607.8333333333333,19.8,4.1,21.4,246336.435,251.0,1306395.0,66.2,2172009.6,26.0,25482.0,53.57,17730.1,898.3,1383.0,1.92,74130.7,3755.9,3.41,27.05,1791210.7,3436991.0,1185.0,5206.0,97017.0,8.2,82252.67749999999,451637.3666666667,12196.0,9.32,287690.0,27525.0,670952.15,37729.6,26.94,28.14,1791210.7,0.0,25072.35,2539.0,250797.4275,22521.0,42781.909999999996,1718582.55,7064.0,19737.0,272967.0,77.6,298463.56,16377.0
OH,199118.0,16.8,0.0,131879.0,1254479.5,93066.0,46592.0,170078.0,2451692.0,169392.0,21204.0,106.1,3001427.0,163673.0,49403.0,689.0,57.7,259.5,15.6,184.2,138521.1,1591.2,3.85,11.7,157483.3025,29896.0,1362858.0,115.3,884834.2,62.3,16063.2,32.5,15819.2,1337.9,16384.0,4.76,51398.9,4347.0,5.81,21.65,709816.6,3381273.0,3435.0,4886.0,1730.0,36.0,283900.57749999996,1222910.9666666666,8419.5,6.22,169392.0,16207.0,504899.0,27357.0,27.38,28.03,709816.6,0.0,24865.15,4204.0,194088.0975,6420.0,39685.990000000005,1690779.5,12402.0,11824.0,153083.0,57.8,222788.37,9620.0
OK,98603.0,24.3,843.0,53151.0,698410.5,16470.0,40.0,891904.0,3319920.0,0.0,132228.0,171.85,4393809.0,181944.0,33246.0,2073.0,53.5,418.0,21.4,86.9,21265.033333333333,157.6,2.47,3.2,53615.855,156777.0,834017.0,205.2,256689.4,25.3,6316.0,27.47,6115.1,1504.7,0.0,7.31,21259.7,5231.4,8.28,20.3,207923.3,1519146.0,24.0,3150.0,5062.0,23.9,154320.0425,1228730.9333333333,3180.9,4.66,0.0,0.0,257738.0,12766.2,26.54,26.78,207923.3,2164.0,11910.85,5861.0,59033.4,856.0,18086.56,759759.9,16974.0,4064.0,185378.0,30.9,118246.4775,126286.0
OR,67450.0,15.9,19.0,104208.0,342900.0,3564.0,0.0,0.0,97.0,0.0,131854.0,80.65,192922.0,192825.0,57407.0,348.0,44.3,148.4,9.1,38.9,217.36666666666667,3.1,4.73,2.6,43604.887500000004,0.0,306487.0,72.1,318884.1,9.2,5981.5,30.23,6400.9,1504.8,609.0,3.34,19472.9,4577.9,6.11,26.55,261951.5,875020.0,1833.0,5184.0,89835.0,4.5,51709.5075,109090.73333333334,2449.3,7.72,0.0,0.0,156517.3,11736.2,32.74,36.22,261951.5,0.0,10224.0,4806.0,45366.3525,9637.0,15512.45,437612.85,13632.0,4254.0,236062.0,19.6,83018.7625,30550.0
PA,238330.0,18.3,1271.0,149768.0,1559904.0,23570.0,1122315.0,27398.0,8013558.0,787083.0,28267.0,119.85000000000001,10101804.0,151449.0,99612.0,656.0,46.3,251.3,15.4,200.9,116783.63333333335,1359.9,4.42,11.4,134249.3525,4816.0,1875551.0,144.1,976360.8,66.5,17401.3,36.89,15880.8,1219.9,2855.0,4.51,57866.6,4445.2,5.93,23.67,799228.8,3607506.0,2162.0,4952.0,9497.0,48.8,360909.74,3176485.1333333333,9979.1,6.24,787083.0,75305.0,566514.3,31261.3,27.18,29.88,799228.8,81.0,26173.0,4020.0,203978.6575,5491.0,39400.614,1803891.55,10656.0,13018.0,178035.0,56.2,217299.265,11117.0
RI,15309.0,13.9,0.0,9375.0,97029.5,0.0,0.0,0.0,0.0,0.0,4203.0,87.95,8863.0,8863.0,4659.0,566.0,54.6,175.2,10.0,11.1,0.0,0.0,0.0,0.9,11648.5275,0.0,109435.0,99.2,77573.9,3.9,1578.5,63.37,1265.0,1146.4,0.0,2.89,4555.4,4128.4,5.87,31.52,63277.0,182950.0,57.0,5077.0,26.0,0.6,5203.09,37501.63333333333,909.1,8.31,0.0,0.0,38424.6,2327.8,28.54,29.53,63277.0,0.0,1498.5,2714.0,15297.5725,3545.0,2382.024,91557.9,6616.0,1103.0,13579.0,3.8,14798.890000000001,576.0
SC,101176.0,18.8,0.0,122864.0,440441.5,0.0,0.0,0.0,0.0,581365.0,19622.0,81.75,705705.0,124341.0,104718.0,1825.0,39.6,262.4,12.8,68.8,54112.86666666667,587.7,3.62,2.2,74668.05,0.0,337264.0,62.6,327420.1,25.4,8523.2,30.76,8660.1,1607.3,0.0,6.11,23802.9,4417.9,7.27,23.07,262298.5,1603946.0,648.0,2144.0,7504.0,7.3,121910.9175,115633.03333333333,2061.7,5.98,581365.0,55622.0,253590.55,13756.4,25.77,25.88,262298.5,0.0,15449.95,5735.0,89425.41,11470.0,21033.114,802121.85,15071.0,5388.0,142486.0,31.8,121032.00249999999,0.0
SD,22671.0,24.7,0.0,77849.0,111272.5,178518.0,0.0,5171.0,135.0,0.0,48691.0,121.15,235952.0,230646.0,3437.0,806.0,41.5,262.8,16.4,15.1,7416.033333333333,52.2,2.35,0.9,10648.245,909.0,94886.0,103.3,74033.9,2.7,1416.3,30.73,1627.9,1772.8,31428.0,6.06,5314.1,5786.9,7.18,21.31,57275.1,347163.0,1868.0,7369.0,14657.0,3.8,39992.64,33294.066666666666,573.6,5.94,0.0,0.0,57315.35,3359.1,28.02,28.49,57275.1,0.0,2623.5,5713.0,12065.6875,177.0,3774.322,173770.5,14708.0,918.0,126540.0,6.7,25528.74,31989.0
TN,138291.0,19.3,759.0,84416.0,566738.5,25740.0,0.0,984.0,3103.0,396522.0,31262.0,79.25,501599.0,100990.0,43988.0,1356.0,48.8,209.7,12.4,88.5,67462.13333333333,764.2,3.78,3.9,103171.85500000001,173.0,386060.0,54.0,523031.6,22.2,10553.1,31.41,11139.4,1558.3,3806.0,4.88,32020.2,4479.4,6.12,23.31,422087.7,2058049.0,213.0,3152.0,27438.0,13.5,128514.7675,133297.23333333334,2353.7,6.37,396522.0,37937.0,351437.75,19174.5,26.78,27.17,422087.7,0.0,20677.45,5785.0,119949.93000000001,3557.0,26253.302000000003,1029168.45,13856.0,7148.0,115678.0,45.0,170976.04249999998,55.0
TX,1591984.0,51.8,3398.0,266309.0,6102164.5,118759.0,182181.0,11443509.0,14311730.0,425186.0,524902.0,198.55,27104730.0,742124.0,98463.0,3373.0,47.7,319.5,21.8,669.9,273164.06666666665,1694.9,2.1,14.1,393873.61,2011515.0,5196619.0,169.1,2583866.2,185.3,48715.4,29.66,44650.1,1453.1,8409.0,6.74,173908.2,5659.6,6.73,17.37,2097090.4,14137451.0,2478.0,1482.0,2586.0,235.8,1935230.8475,5603928.033333334,14659.3,3.57,425186.0,40680.0,3376333.8,115561.3,18.5,25.47,2097090.4,9562.0,84311.4,5487.0,398436.7075,110891.0,133617.074,7068955.55,16038.0,30728.0,791211.0,223.0,850434.4199999999,408946.0
UT,62206.0,18.1,0.0,15792.0,316982.0,0.0,156571.0,321093.0,318533.0,0.0,23883.0,92.1,825655.0,29458.0,5575.0,549.0,65.7,243.9,16.0,55.0,60417.56666666667,447.0,2.56,3.4,46100.1475,56441.0,285681.0,83.0,281329.1,20.9,2973.8,26.58,4802.1,1394.6,0.0,3.79,14323.6,4159.9,5.09,23.79,225459.4,853951.0,2371.0,7203.0,2624.0,6.5,48238.4675,195162.9,2722.7,10.46,0.0,0.0,162331.3,9308.5,29.8,31.23,225459.4,0.0,5666.35,3290.0,49448.1575,16556.0,9560.278,427099.5,9684.0,3443.0,39674.0,19.5,73365.155,2332.0
VA,160717.0,18.4,22.0,155917.0,751704.5,120.0,282790.0,23.0,87638.0,310037.0,28062.0,86.05,834458.0,153971.0,125789.0,1074.0,47.2,158.3,10.8,94.6,19137.8,282.1,6.03,5.7,195189.6375,4.0,624817.0,71.5,719896.9,21.4,14127.9,31.29,13044.3,1493.4,0.0,4.08,39434.2,4514.7,5.48,23.81,597597.1,2435265.0,1701.0,3632.0,4745.0,10.8,99714.31999999999,246489.5,3798.4,5.94,310037.0,29663.0,403801.35,22302.6,26.32,26.71,597597.1,0.0,21550.85,4934.0,129492.4325,21455.0,34393.242,1217771.9,15149.0,8735.0,183979.0,51.0,194371.2575,160.0
VT,14152.0,21.8,0.0,14207.0,42917.5,0.0,0.0,0.0,0.0,0.0,8002.0,66.15,19612.0,19612.0,11610.0,265.0,38.4,154.2,8.4,5.4,0.0,0.0,0.0,0.9,5885.97,0.0,12539.0,19.3,43533.8,0.0,940.4,51.38,1006.9,1552.2,0.0,3.21,3204.7,4940.1,7.36,29.76,35236.6,113104.0,29.0,7107.0,5252.0,0.4,3719.0750000000003,4333.900000000001,125.4,9.65,0.0,0.0,35119.85,2106.8,28.93,29.75,35236.6,0.0,1088.65,3355.0,8540.484999999999,1562.0,1721.852,56639.2,8269.0,649.0,22209.0,2.9,11003.815,1159.0
WA,138133.0,17.6,2022.0,126267.0,579764.5,21906.0,0.0,0.0,0.0,88163.0,239689.0,73.75,440429.0,352266.0,90671.0,275.0,47.9,112.7,9.7,76.3,16509.233333333334,193.8,3.91,4.8,65768.26,0.0,371958.0,47.3,807864.5,12.4,8471.0,28.25,11565.5,1471.9,0.0,2.37,32825.0,4177.6,4.06,26.35,677238.0,1602662.0,1136.0,5337.0,209653.0,10.9,94432.09999999999,134353.06666666668,3371.1,9.74,88163.0,8435.0,359163.7,21556.8,31.49,36.91,677238.0,1987.0,19472.9,4956.0,86369.6,3140.0,24511.39,801433.0,11397.0,7857.0,365956.0,42.5,162376.2825,25759.0
WI,106244.0,17.9,594.0,132268.0,574428.0,78992.0,0.0,0.0,0.0,101204.0,18697.0,96.85,275057.0,173853.0,76164.0,563.0,55.2,250.3,14.5,86.2,73338.7,560.1,2.55,6.8,85553.3975,0.0,571610.0,96.4,428447.1,30.1,8711.4,37.29,9013.7,1519.9,13338.0,4.81,27567.5,4648.5,6.43,22.7,344570.8,1656177.0,615.0,6647.0,6571.0,10.9,125580.3325,188351.53333333333,4061.5,6.86,101204.0,9683.0,262710.8,15388.0,28.04,28.92,344570.8,0.0,11113.95,3747.0,96780.465,5581.0,19265.32,828228.15,11561.0,5930.0,150965.0,29.5,113113.9325,5930.0
WV,40851.0,23.1,0.0,15773.0,262400.0,0.0,2201825.0,105616.0,3762937.0,0.0,12597.0,148.2,6089936.0,19557.0,6960.0,693.0,73.4,923.5,42.1,74.6,185680.1,1363.7,2.89,1.6,26084.760000000002,18565.0,285599.0,161.3,102151.8,46.6,3287.6,30.08,2851.1,1610.4,0.0,10.31,10211.0,5767.3,10.0,24.29,80798.2,832806.0,32.0,4481.0,5221.0,12.0,99292.6175,1153129.6333333333,840.4,6.82,0.0,0.0,103491.2,6101.1,28.52,28.83,80798.2,0.0,5117.75,5780.0,34840.1475,214.0,8491.098,416638.2,18114.0,1770.0,28370.0,12.9,50679.14,7129.0
WY,26625.0,45.5,0.0,4521.0,164052.0,20454.0,4133004.0,551048.0,1105416.0,0.0,33954.0,280.4,5845631.0,56163.0,1756.0,256.0,74.5,1351.6,92.9,54.3,201131.36666666667,710.7,1.94,1.0,17004.68,96862.0,171776.0,293.6,51990.5,33.6,1372.3,24.73,1124.6,1922.1,0.0,12.43,5918.3,10115.5,11.38,19.69,40210.8,499766.0,663.0,8339.0,3130.0,11.4,69940.595,383966.76666666666,806.3,7.86,0.0,0.0,71976.95,3774.2,28.28,29.26,40210.8,3723.0,1474.5,5039.0,12216.6575,692.0,4567.318,250310.1,28698.0,585.0,38474.0,7.3,27493.92,29468.0
